EmployeeID,FirstName,LastName,DepartmentID,Salary,JoiningDate,Full_name
101,Duane,Rivera,4,68991,6/21/2021,Duane Rivera
102,Brian,Lyons,3,75786,02/03/2023,Brian Lyons
103,Jamie,Watkins,9,53459,02/05/2025,Jamie Watkins
104,Christina,Clark,4,110262,04/02/2022,Christina Clark
105,Chelsea,Mercado,5,73529,4/27/2024,Chelsea Mercado
106,Monica,King,8,66265,4/28/2025,Monica King
107,Victor,Chen,2,65567,1/15/2025,Victor Chen
108,Jeffrey,Brooks,3,55256,12/13/2020,Jeffrey Brooks
109,Nicholas,Torres,3,100109,1/31/2023,Nicholas Torres
110,Dustin,Reeves,1,90586,4/15/2023,Dustin Reeves
111,Ricky,Ramirez,7,73849,11/08/2023,Ricky Ramirez
112,Scott,Contreras,9,79818,10/28/2024,Scott Contreras
113,Brent,Robinson,6,78943,8/27/2022,Brent Robinson
114,Monica,Edwards,1,106998,1/15/2025,Monica Edwards
115,Julie,Vasquez,7,47112,10/31/2020,Julie Vasquez
116,James,Morgan,5,100235,03/07/2024,James Morgan
117,Jason,Petersen,2,54140,01/10/2025,Jason Petersen
118,Valerie,Knight,9,99825,12/28/2021,Valerie Knight
119,Kevin,Brock,5,56426,4/24/2025,Kevin Brock
120,Krystal,Roach,4,55083,7/28/2022,Krystal Roach
121,Lisa,Johnson,8,118694,10/10/2022,Lisa Johnson
122,Robert,Rogers,6,118080,7/26/2022,Robert Rogers
123,Donna,West,3,106673,1/29/2024,Donna West
124,Brandon,Cardenas,6,117413,2/16/2022,Brandon Cardenas
125,Jeffrey,Nguyen,4,49923,2/26/2021,Jeffrey Nguyen
126,Charles,Jones,1,59080,11/20/2024,Charles Jones
127,Jose,Mitchell,7,109049,8/13/2024,Jose Mitchell
128,Adrian,Payne,7,98835,12/03/2023,Adrian Payne
129,Amy,Lawrence,8,48518,7/18/2022,Amy Lawrence
130,Linda,Cox,6,76617,7/20/2023,Linda Cox
131,Lori,Thomas,1,87361,09/11/2021,Lori Thomas
132,Michael,Whitaker,9,57371,12/09/2020,Michael Whitaker
133,Timothy,Wang,8,50998,03/01/2024,Timothy Wang
134,Kristina,Sandoval,6,48494,05/05/2022,Kristina Sandoval
135,Jane,Smith,4,92744,03/08/2021,Jane Smith
136,Vanessa,Shelton,3,103425,9/17/2023,Vanessa Shelton
137,Scott,Rodriguez,6,104528,08/07/2024,Scott Rodriguez
138,Amber,Miles,8,74195,03/04/2024,Amber Miles
139,Chelsea,White,3,111096,11/06/2020,Chelsea White
140,Linda,Durham,2,106738,01/07/2025,Linda Durham
141,Dylan,Smith,8,110057,06/12/2023,Dylan Smith
142,Gregory,Turner,8,81735,10/01/2023,Gregory Turner
143,Kevin,Robbins,4,48898,10/25/2022,Kevin Robbins
144,Angela,Lane,4,115557,07/07/2023,Angela Lane
145,Jenna,Gallegos,5,75401,10/24/2024,Jenna Gallegos
146,Christopher,Hall,3,118310,07/03/2022,Christopher Hall
147,Erica,Walker,1,93506,02/08/2025,Erica Walker
148,Kathleen,Clay,8,86568,2/19/2023,Kathleen Clay
149,Brianna,Johnston,2,59065,8/27/2023,Brianna Johnston
150,Christine,Walton,1,45576,1/14/2023,Christine Walton
151,Jerry,Collins,10,85103,10/17/2021,Jerry Collins
152,Donna,Marshall,4,76529,02/08/2022,Donna Marshall
153,Jacob,Roy,5,87691,08/11/2021,Jacob Roy
154,Kristin,Mcclain,3,47974,12/19/2022,Kristin Mcclain
155,Gail,Jacobs,9,79312,07/05/2021,Gail Jacobs
156,Ricky,Hayden,5,86750,06/06/2020,Ricky Hayden
157,Joshua,Figueroa,10,119904,04/09/2021,Joshua Figueroa
158,Shannon,Harrell,10,98187,7/18/2021,Shannon Harrell
159,George,Pearson,9,93419,02/11/2022,George Pearson
160,Shelby,Jones,2,50691,02/05/2023,Shelby Jones
161,Jessica,Sullivan,9,75347,6/15/2023,Jessica Sullivan
162,Keith,Dillon,6,76986,08/01/2020,Keith Dillon
163,Jennifer,White,9,52892,03/07/2021,Jennifer White
164,Mary,Cooper,4,99552,07/07/2020,Mary Cooper
165,Joseph,Henderson,8,60718,5/16/2024,Joseph Henderson
166,Travis,Turner,1,117013,8/15/2023,Travis Turner
167,Steven,Craig,4,62265,1/24/2023,Steven Craig
168,Yolanda,Lopez,10,112847,9/16/2024,Yolanda Lopez
169,Jared,Kim,5,66961,11/25/2024,Jared Kim
170,James,Hartman,7,75536,02/03/2024,James Hartman
171,Anna,Brock,1,56882,5/17/2020,Anna Brock
172,Heather,Goodwin,1,53758,07/03/2021,Heather Goodwin
173,Samuel,Williams,5,86149,6/23/2024,Samuel Williams
174,Christopher,Phillips,4,83771,8/28/2022,Christopher Phillips
175,Christopher,Rodriguez,9,104640,10/12/2022,Christopher Rodriguez
176,Amy,Rodriguez,10,99553,6/19/2024,Amy Rodriguez
177,Jonathon,Morris,3,75211,4/26/2022,Jonathon Morris
178,Jeremy,Carroll,7,105417,07/06/2024,Jeremy Carroll
179,John,Curtis,4,55908,05/12/2022,John Curtis
180,Victoria,Mata,10,111171,4/14/2021,Victoria Mata
181,Charles,Wagner,2,83332,01/05/2021,Charles Wagner
182,Ashley,White,2,95757,11/18/2023,Ashley White
183,Eileen,Hunter,8,52163,05/04/2021,Eileen Hunter
184,Samantha,Sweeney,4,71300,11/11/2022,Samantha Sweeney
185,Deborah,Hayes,2,83344,01/04/2022,Deborah Hayes
186,Edward,Wright,8,83739,10/03/2021,Edward Wright
187,Patrick,Conner,5,97557,8/27/2024,Patrick Conner
188,Denise,Hansen,3,116791,12/12/2021,Denise Hansen
189,Troy,Gray,4,118937,06/10/2022,Troy Gray
190,Jonathan,Scott,5,76691,08/06/2020,Jonathan Scott
191,Daniel,Murray,8,52075,6/15/2020,Daniel Murray
192,Lonnie,Brown,1,79057,11/22/2023,Lonnie Brown
193,Nicholas,Wilcox,9,87107,5/19/2022,Nicholas Wilcox
194,Emily,Floyd,9,111098,3/25/2023,Emily Floyd
195,Kenneth,Wilson,10,96777,02/05/2023,Kenneth Wilson
196,Mark,Miller,10,87836,2/17/2021,Mark Miller
197,Adam,Torres,6,98091,2/13/2022,Adam Torres
198,Ryan,Jenkins,5,54023,8/15/2021,Ryan Jenkins
199,Ashley,Mayer,5,90550,5/17/2024,Ashley Mayer
200,Kenneth,Smith,6,55887,02/08/2025,Kenneth Smith
201,Gregory,Hughes,10,71081,02/07/2025,Gregory Hughes
202,Brandon,Charles,4,63161,2/27/2021,Brandon Charles
203,Christopher,Rios,7,91369,07/09/2024,Christopher Rios
204,Scott,Williams,3,57056,09/12/2024,Scott Williams
205,Barbara,Pierce,2,79387,12/11/2021,Barbara Pierce
206,Chase,Elliott,2,47233,07/04/2020,Chase Elliott
207,Brittany,Fox,3,102500,08/09/2020,Brittany Fox
208,Michael,Welch,7,70883,11/28/2022,Michael Welch
209,Emily,Anderson,2,114190,10/10/2021,Emily Anderson
210,Matthew,Moreno,7,111811,01/07/2024,Matthew Moreno
211,Angela,Williams,3,73812,9/13/2021,Angela Williams
212,Kristina,Hensley,8,58938,06/05/2021,Kristina Hensley
213,Christine,Kemp,3,76344,5/30/2021,Christine Kemp
214,Nancy,Scott,6,77951,08/10/2022,Nancy Scott
215,Barbara,Myers,3,119859,5/23/2023,Barbara Myers
216,William,Flores,1,72966,06/10/2021,William Flores
217,Janice,Green,1,57064,10/17/2020,Janice Green
218,Casey,Powell,8,82990,07/03/2024,Casey Powell
219,Tara,Arnold,1,46100,08/05/2020,Tara Arnold
220,Rebecca,Weaver,2,66701,05/06/2023,Rebecca Weaver
221,Michael,Robinson,8,72051,11/26/2022,Michael Robinson
222,Gregory,Williams,7,46695,8/22/2020,Gregory Williams
223,Sara,Thomas,2,63902,4/26/2022,Sara Thomas
224,David,Malone,7,54904,03/10/2023,David Malone
225,Marcus,Mosley,1,71320,4/26/2024,Marcus Mosley
226,Sarah,Lawrence,3,103408,5/19/2021,Sarah Lawrence
227,Tammie,Porter,1,53814,1/17/2023,Tammie Porter
228,Connor,Rowe,2,89420,7/27/2022,Connor Rowe
229,Donald,Brown,9,106627,04/12/2023,Donald Brown
230,Jeffrey,Rivera,3,97420,6/18/2022,Jeffrey Rivera
231,Debra,Richardson,5,82913,12/18/2023,Debra Richardson
232,Johnathan,Bennett,5,66788,9/16/2022,Johnathan Bennett
233,Ryan,Lewis,7,51089,12/10/2024,Ryan Lewis
234,Anthony,Garcia,9,105306,05/10/2021,Anthony Garcia
235,Heather,Knox,7,47820,9/19/2022,Heather Knox
236,Patricia,Patel,9,72641,7/30/2020,Patricia Patel
237,Katherine,Norman,9,80362,12/26/2023,Katherine Norman
238,Jesse,Pierce,10,56396,12/04/2024,Jesse Pierce
239,Brandi,Hayden,6,97773,9/17/2024,Brandi Hayden
240,Kenneth,Martinez,8,77837,10/15/2020,Kenneth Martinez
241,Paula,Patel,2,108671,12/11/2020,Paula Patel
242,Jeffrey,Whitehead,9,72237,03/09/2021,Jeffrey Whitehead
243,Eric,Moore,4,112323,4/17/2021,Eric Moore
244,Ashley,Smith,4,81121,5/25/2020,Ashley Smith
245,Austin,Miller,2,69927,06/07/2023,Austin Miller
246,Dana,Phillips,6,68867,3/31/2024,Dana Phillips
247,Andrew,Morales,5,86509,05/02/2023,Andrew Morales
248,Tonya,Rojas,5,68099,10/20/2023,Tonya Rojas
249,Melissa,Ramirez,4,112669,12/16/2021,Melissa Ramirez
250,Jeremy,Andrews,2,76688,4/26/2021,Jeremy Andrews
251,Michael,Grant,7,57368,6/17/2020,Michael Grant
252,Heather,Guzman,7,81204,9/16/2022,Heather Guzman
253,Jacob,Hayes,7,47482,10/18/2022,Jacob Hayes
254,Brian,Pena,8,109770,09/09/2024,Brian Pena
255,Xavier,Evans,2,117547,1/13/2022,Xavier Evans
256,Kellie,Price,7,46622,05/03/2021,Kellie Price
257,Wesley,Brown,10,68368,4/18/2024,Wesley Brown
258,Amy,Martin,1,94635,5/25/2024,Amy Martin
259,Anthony,Williams,1,62880,8/17/2020,Anthony Williams
260,Todd,Barber,2,82247,10/19/2022,Todd Barber
261,Robert,Ellis,1,45617,10/14/2022,Robert Ellis
262,Rodney,Wu,3,51116,7/14/2020,Rodney Wu
263,Angela,Cunningham,5,101600,6/30/2022,Angela Cunningham
264,Andrew,Bush,6,107445,6/23/2023,Andrew Bush
265,Sean,Ramirez,8,111814,01/03/2025,Sean Ramirez
266,Janet,Morse,5,112421,9/23/2024,Janet Morse
267,Michele,Perez,2,87184,07/05/2022,Michele Perez
268,Gabriella,Barnes,3,67035,5/31/2024,Gabriella Barnes
269,Tonya,Huynh,7,107756,03/04/2025,Tonya Huynh
270,Michael,Martin,3,70384,7/30/2020,Michael Martin
271,Isaiah,King,1,107951,04/01/2025,Isaiah King
272,Shane,Williams,5,67361,01/05/2024,Shane Williams
273,Nancy,Jacobs,9,85505,12/17/2024,Nancy Jacobs
274,Patricia,Thomas,2,108301,4/20/2024,Patricia Thomas
275,Richard,Kirby,4,88833,09/07/2021,Richard Kirby
276,Brendan,Walton,8,103297,5/28/2024,Brendan Walton
277,David,Vega,1,112479,5/22/2024,David Vega
278,Kerri,Dudley,6,93962,8/25/2022,Kerri Dudley
279,Emily,Miranda,5,83064,5/28/2023,Emily Miranda
280,John,Stephenson,6,100110,7/26/2020,John Stephenson
281,Joseph,Scott,4,102136,10/28/2021,Joseph Scott
282,Laura,Beasley,4,101927,7/17/2023,Laura Beasley
283,Jose,Salazar,6,50546,12/18/2021,Jose Salazar
284,Christine,Sullivan,1,65739,5/30/2023,Christine Sullivan
285,Andrew,Wiggins,10,55888,10/27/2020,Andrew Wiggins
286,Elizabeth,Davis,9,63339,6/19/2020,Elizabeth Davis
287,Gail,Wilson,2,78605,3/30/2021,Gail Wilson
288,James,Mcguire,9,94789,11/12/2021,James Mcguire
289,Susan,Gill,10,104976,6/29/2020,Susan Gill
290,Matthew,Wilkins,5,75636,07/07/2022,Matthew Wilkins
291,Jared,Cunningham,6,78768,11/13/2024,Jared Cunningham
292,Christina,Mcdonald,2,68530,3/29/2022,Christina Mcdonald
293,Elizabeth,Barnes,3,102134,11/24/2022,Elizabeth Barnes
294,John,Wood,8,45960,5/20/2021,John Wood
295,Aaron,Adams,5,95411,4/17/2021,Aaron Adams
296,Matthew,Thompson,7,74829,7/20/2021,Matthew Thompson
297,Bryan,Escobar,5,101123,3/14/2022,Bryan Escobar
298,Robert,Foley,3,92055,9/16/2021,Robert Foley
299,Makayla,Jennings,5,70304,4/27/2025,Makayla Jennings
300,Sandra,Walters,8,48961,06/08/2023,Sandra Walters
301,Steven,Davenport,2,77841,1/26/2022,Steven Davenport
302,Lori,Patterson,5,89470,1/18/2024,Lori Patterson
303,Julie,Nelson,9,86245,2/18/2024,Julie Nelson
304,Shawn,Lynn,8,85580,06/08/2020,Shawn Lynn
305,Keith,Potter,8,96386,1/16/2023,Keith Potter
306,David,Garcia,4,69001,08/08/2024,David Garcia
307,Kimberly,Fowler,4,49327,09/10/2024,Kimberly Fowler
308,Jeremy,Acosta,3,119807,12/29/2021,Jeremy Acosta
309,John,Newman,6,98918,12/31/2020,John Newman
310,Joyce,Hicks,4,66378,6/28/2022,Joyce Hicks
311,Kenneth,Griffin,7,82276,6/16/2022,Kenneth Griffin
312,Laura,Vaughan,8,54070,01/06/2023,Laura Vaughan
313,Austin,Ross,2,73354,3/31/2024,Austin Ross
314,Doris,Dean,3,82735,06/07/2023,Doris Dean
315,Timothy,Castro,3,82010,8/16/2021,Timothy Castro
316,Leslie,Ryan,7,72574,03/06/2022,Leslie Ryan
317,Randall,Fuller,10,88734,1/30/2022,Randall Fuller
318,Lindsey,Smith,1,71829,12/31/2021,Lindsey Smith
319,Lisa,Simon,9,68717,10/01/2022,Lisa Simon
320,Kayla,Walker,9,82884,04/06/2023,Kayla Walker
321,Danielle,Clay,6,73069,03/06/2022,Danielle Clay
322,Ashley,Roberts,1,66804,8/19/2023,Ashley Roberts
323,Keith,Miller,8,91518,05/05/2024,Keith Miller
324,Donna,Klein,10,64873,07/03/2021,Donna Klein
325,Tabitha,Barnes,4,76994,09/03/2023,Tabitha Barnes
326,Kelli,Lewis,4,100417,12/06/2020,Kelli Lewis
327,Hunter,Avila,9,66308,10/28/2020,Hunter Avila
328,Shannon,Turner,10,92799,7/15/2024,Shannon Turner
329,Kenneth,Ruiz,1,69320,8/14/2022,Kenneth Ruiz
330,Kenneth,Fernandez,3,87245,3/29/2021,Kenneth Fernandez
331,Ruth,Brown,4,109344,10/05/2020,Ruth Brown
332,Jeffrey,Lyons,10,56236,10/11/2024,Jeffrey Lyons
333,Cody,Martinez,9,101359,4/30/2021,Cody Martinez
334,Linda,Kemp,4,60039,07/02/2023,Linda Kemp
335,Melissa,Ford,10,51907,2/14/2023,Melissa Ford
336,Brandon,Smith,10,91231,1/25/2021,Brandon Smith
337,Patrick,Wiggins,9,116945,03/04/2023,Patrick Wiggins
338,Robert,Clarke,10,65629,6/15/2020,Robert Clarke
339,Sarah,Wilson,8,96439,9/13/2021,Sarah Wilson
340,Debra,Gibson,10,118349,06/02/2021,Debra Gibson
341,Tina,Parrish,8,78818,7/16/2022,Tina Parrish
342,Nancy,Young,3,99715,11/24/2021,Nancy Young
343,Ellen,Fowler,6,50973,05/10/2024,Ellen Fowler
344,Madison,Nixon,9,111421,6/20/2024,Madison Nixon
345,Margaret,Wood,1,64325,9/22/2024,Margaret Wood
346,Raymond,Hernandez,3,71515,5/28/2023,Raymond Hernandez
347,Marilyn,Macdonald,4,81198,01/10/2024,Marilyn Macdonald
348,Greg,Orozco,8,77969,11/28/2022,Greg Orozco
349,Deanna,Nelson,4,113762,04/06/2022,Deanna Nelson
350,Lisa,Bartlett,4,107848,9/29/2024,Lisa Bartlett
351,Victoria,Johnson,2,47515,02/11/2024,Victoria Johnson
352,Jonathon,Castillo,2,83839,2/18/2025,Jonathon Castillo
353,Christopher,Hatfield,6,49746,12/31/2020,Christopher Hatfield
354,Gabrielle,Williams,7,81869,11/25/2022,Gabrielle Williams
355,David,Bush,9,113922,07/07/2023,David Bush
356,Phillip,Taylor,7,57527,05/03/2022,Phillip Taylor
357,Regina,Hicks,6,53718,9/14/2023,Regina Hicks
358,Joyce,Moore,8,100796,07/01/2021,Joyce Moore
359,Ronald,Irwin,10,84178,07/03/2023,Ronald Irwin
360,Roberta,Howell,3,68975,7/13/2021,Roberta Howell
361,Dustin,Burns,6,57969,6/15/2023,Dustin Burns
362,Thomas,Miller,4,97136,07/02/2020,Thomas Miller
363,Audrey,Greene,7,108194,3/18/2023,Audrey Greene
364,Christopher,Patel,3,117023,06/10/2020,Christopher Patel
365,Christine,Costa,5,115459,6/14/2024,Christine Costa
366,Lori,Dunn,9,45466,2/25/2022,Lori Dunn
367,Brandon,Johnson,6,93357,7/27/2021,Brandon Johnson
368,Donald,Anderson,8,87692,11/15/2022,Donald Anderson
369,Christina,Hatfield,10,81679,09/03/2022,Christina Hatfield
370,Jacqueline,Barron,5,103938,08/12/2023,Jacqueline Barron
371,Ashley,Clements,3,68354,3/21/2025,Ashley Clements
372,Jose,Clark,4,61818,12/20/2020,Jose Clark
373,Jeffrey,Lawson,10,89095,11/25/2022,Jeffrey Lawson
374,Thomas,Martinez,7,59449,10/11/2024,Thomas Martinez
375,Kelly,Delgado,6,93942,4/28/2024,Kelly Delgado
376,Nancy,Williams,5,89177,08/08/2021,Nancy Williams
377,Joshua,Hall,5,80808,04/06/2021,Joshua Hall
378,Melissa,Harrison,10,95928,1/19/2021,Melissa Harrison
379,Karen,Gray,10,118266,11/13/2021,Karen Gray
380,Karl,Baker,7,71636,8/17/2024,Karl Baker
381,Karina,Jones,10,102539,01/09/2021,Karina Jones
382,Sarah,Silva,3,89007,9/29/2021,Sarah Silva
383,Katie,Newman,5,87330,09/08/2024,Katie Newman
384,Nicholas,Dickerson,1,81191,6/17/2023,Nicholas Dickerson
385,Mark,King,7,70322,8/23/2024,Mark King
386,Monica,Johnson,7,116159,11/23/2020,Monica Johnson
387,Richard,Henderson,3,59560,3/21/2021,Richard Henderson
388,Carolyn,Doyle,6,47916,8/29/2020,Carolyn Doyle
389,Andre,Haynes,7,46430,10/01/2021,Andre Haynes
390,Derrick,Hale,7,45734,10/29/2021,Derrick Hale
391,Michael,Stanley,10,58442,8/18/2020,Michael Stanley
392,Eugene,Thompson,7,47904,9/14/2020,Eugene Thompson
393,Laurie,Boyd,5,63736,03/09/2021,Laurie Boyd
394,Carrie,Johnson,8,78486,1/17/2021,Carrie Johnson
395,Christine,Clark,6,90147,08/09/2023,Christine Clark
396,Anna,Gomez,5,67964,3/18/2021,Anna Gomez
397,Ann,Nelson,2,69431,5/13/2022,Ann Nelson
398,Trevor,Nelson,5,56621,09/03/2024,Trevor Nelson
399,Angela,Terrell,9,77289,11/25/2024,Angela Terrell
400,Edward,Perez,10,88262,02/06/2023,Edward Perez
401,William,Ramos,9,97488,1/31/2024,William Ramos
402,Michael,Welch,7,62294,06/12/2023,Michael Welch
403,Jesus,Munoz,5,87873,10/07/2024,Jesus Munoz
404,Debra,Robinson,3,68762,09/01/2023,Debra Robinson
405,Laura,Jenkins,1,72502,3/31/2022,Laura Jenkins
406,Joseph,Garcia,3,57522,1/17/2022,Joseph Garcia
407,Kathleen,Hunt,10,48779,6/29/2021,Kathleen Hunt
408,Ashley,Fields,6,56599,1/13/2022,Ashley Fields
409,Juan,Medina,7,64290,4/30/2025,Juan Medina
410,Mark,Foster,3,111899,10/12/2024,Mark Foster
411,Mark,Stevenson,6,87604,02/11/2021,Mark Stevenson
412,Charles,Callahan,7,49503,3/13/2021,Charles Callahan
413,Anthony,Anderson,8,70918,05/11/2024,Anthony Anderson
414,Ashley,Benson,5,51210,12/06/2024,Ashley Benson
415,Michael,Lindsey,9,54778,5/13/2022,Michael Lindsey
416,Robert,Johnson,8,115812,10/10/2024,Robert Johnson
417,Robert,Wright,1,86274,11/10/2022,Robert Wright
418,Lisa,Moore,3,64052,1/25/2025,Lisa Moore
419,Connie,Park,3,56288,6/28/2022,Connie Park
420,Jacob,Daniels,2,104231,5/31/2020,Jacob Daniels
421,Ashley,Wright,5,101348,9/17/2020,Ashley Wright
422,Amber,Smith,9,109374,10/25/2023,Amber Smith
423,Ashley,Simpson,3,116339,12/24/2024,Ashley Simpson
424,Amanda,Green,2,82312,4/24/2023,Amanda Green
425,Priscilla,Thompson,8,46869,06/12/2022,Priscilla Thompson
426,Trevor,Hudson,5,70540,11/25/2020,Trevor Hudson
427,Elizabeth,Rodriguez,1,88519,11/26/2020,Elizabeth Rodriguez
428,John,Drake,3,45984,5/14/2021,John Drake
429,Cody,Sharp,6,111479,12/08/2024,Cody Sharp
430,Jodi,Silva,2,75857,07/07/2024,Jodi Silva
431,Chad,Anderson,1,68899,10/11/2023,Chad Anderson
432,Stanley,Gonzalez,4,83295,04/10/2023,Stanley Gonzalez
433,Tiffany,Frazier,5,83724,05/06/2022,Tiffany Frazier
434,Julia,Meadows,9,57963,11/14/2022,Julia Meadows
435,Virginia,Edwards,3,107591,7/17/2022,Virginia Edwards
436,Heather,Price,5,119523,10/29/2024,Heather Price
437,Justin,Howard,1,45068,01/11/2021,Justin Howard
438,Ronald,Roberts,3,86283,4/18/2021,Ronald Roberts
439,Courtney,Noble,6,74314,05/01/2023,Courtney Noble
440,Laura,Oconnell,5,111629,11/12/2023,Laura Oconnell
441,Kimberly,Mcdonald,1,74022,7/25/2024,Kimberly Mcdonald
442,Richard,Smith,2,92725,2/26/2021,Richard Smith
443,Troy,Snow,4,48050,3/15/2022,Troy Snow
444,Rachel,Mendoza,2,109686,03/03/2023,Rachel Mendoza
445,Justin,Henderson,8,68513,9/25/2024,Justin Henderson
446,Nicholas,Mckinney,4,89641,01/03/2025,Nicholas Mckinney
447,Lisa,Smith,7,97411,12/28/2022,Lisa Smith
448,Nicholas,Singh,3,75348,08/02/2021,Nicholas Singh
449,Brian,Cain,8,84743,09/12/2022,Brian Cain
450,Madison,Lloyd,4,103103,12/30/2020,Madison Lloyd
451,Lisa,Villegas,10,82400,06/12/2020,Lisa Villegas
452,Heather,Martinez,5,79744,04/04/2024,Heather Martinez
453,Travis,Fuller,5,117980,10/26/2021,Travis Fuller
454,Michael,Peck,10,81997,6/25/2024,Michael Peck
455,Steven,Mcclain,1,66481,09/02/2024,Steven Mcclain
456,Matthew,Williams,5,92128,1/21/2021,Matthew Williams
457,Patty,Anderson,4,52512,06/04/2021,Patty Anderson
458,Ryan,Martinez,10,62964,11/27/2020,Ryan Martinez
459,Lori,Duran,9,79143,9/21/2020,Lori Duran
460,Edward,Rush,5,81004,12/24/2024,Edward Rush
461,George,Blair,7,73772,5/29/2020,George Blair
462,Matthew,Wells,4,114953,1/21/2022,Matthew Wells
463,Dillon,Moore,1,61028,12/31/2024,Dillon Moore
464,Lydia,Williams,9,112924,08/11/2020,Lydia Williams
465,Laura,Mckay,2,106757,02/03/2024,Laura Mckay
466,Denise,Mcdowell,6,65872,07/08/2024,Denise Mcdowell
467,Jennifer,Scott,2,75935,4/29/2021,Jennifer Scott
468,Patricia,Mayo,9,92912,09/11/2021,Patricia Mayo
469,Willie,May,9,101317,11/13/2021,Willie May
470,Crystal,Smith,3,74741,9/20/2023,Crystal Smith
471,Rebecca,Conrad,3,112783,02/09/2022,Rebecca Conrad
472,Mark,Cox,1,73530,4/14/2023,Mark Cox
473,George,Hines,3,112029,4/23/2021,George Hines
474,Adam,Flores,5,65890,3/13/2024,Adam Flores
475,Mark,Hamilton,8,71861,10/02/2020,Mark Hamilton
476,Patrick,Williams,9,67293,6/30/2022,Patrick Williams
477,Kelly,Porter,6,86981,11/22/2023,Kelly Porter
478,Reginald,Kennedy,6,82563,09/06/2022,Reginald Kennedy
479,Robert,Smith,7,102149,9/15/2021,Robert Smith
480,Teresa,Horton,6,90933,09/01/2024,Teresa Horton
481,Tracey,Tran,2,52280,10/23/2024,Tracey Tran
482,Brandy,Black,6,84196,10/05/2020,Brandy Black
483,Danielle,Marshall,3,52130,06/04/2024,Danielle Marshall
484,Jesus,Mcdonald,2,70738,2/17/2021,Jesus Mcdonald
485,Seth,Peck,7,103799,11/16/2024,Seth Peck
486,Kimberly,Norton,5,91248,11/28/2023,Kimberly Norton
487,Alyssa,Hill,1,47392,10/29/2021,Alyssa Hill
488,Matthew,Mcdonald,6,90852,12/09/2023,Matthew Mcdonald
489,James,Elliott,1,67517,08/07/2020,James Elliott
490,Amanda,Owens,4,65621,01/11/2025,Amanda Owens
491,Jesse,Vega,10,63268,10/20/2023,Jesse Vega
492,Jim,Roberts,4,80827,03/02/2024,Jim Roberts
493,Phillip,Hines,5,98385,4/18/2025,Phillip Hines
494,Ronald,Diaz,2,119421,07/02/2024,Ronald Diaz
495,Michael,Nelson,6,111669,10/06/2024,Michael Nelson
496,Donald,Rodriguez,6,95559,12/23/2022,Donald Rodriguez
497,Lonnie,Monroe,4,64076,10/24/2021,Lonnie Monroe
498,Joseph,Hoover,3,62570,1/30/2025,Joseph Hoover
499,Ryan,Lopez,8,109304,12/04/2023,Ryan Lopez
500,Michelle,Lopez,9,102833,06/10/2021,Michelle Lopez
501,Kimberly,Johnson,9,116306,2/18/2023,Kimberly Johnson
502,Brian,Martin,4,71111,11/04/2023,Brian Martin
503,Justin,Bolton,2,100435,7/17/2024,Justin Bolton
504,Elizabeth,Johnson,6,59277,2/24/2025,Elizabeth Johnson
505,Dana,Cervantes,3,119899,6/29/2021,Dana Cervantes
506,Jennifer,Woods,3,91756,8/20/2024,Jennifer Woods
507,Cory,Jones,6,105755,10/16/2022,Cory Jones
508,Holly,Carroll,1,103022,5/18/2021,Holly Carroll
509,Paul,Fowler,5,76247,9/15/2023,Paul Fowler
510,Robert,Gonzalez,2,104643,6/30/2021,Robert Gonzalez
511,Natasha,Shields,1,78261,07/11/2022,Natasha Shields
512,Barbara,Clark,9,52376,10/15/2021,Barbara Clark
513,Anthony,Williams,6,71478,11/24/2021,Anthony Williams
514,Daniel,Sanchez,4,91592,1/31/2022,Daniel Sanchez
515,Antonio,Taylor,10,94041,10/06/2023,Antonio Taylor
516,Nicholas,Gray,4,101719,07/03/2020,Nicholas Gray
517,Gina,Brown,5,51206,06/03/2020,Gina Brown
518,Hunter,Jackson,7,113504,09/09/2023,Hunter Jackson
519,Megan,Holmes,5,53798,08/06/2024,Megan Holmes
520,Jeff,Lang,7,70939,10/06/2020,Jeff Lang
521,Joseph,Meadows,1,64113,10/03/2020,Joseph Meadows
522,Michael,Gould,5,50341,07/03/2020,Michael Gould
523,Jaime,Lambert,6,115985,7/15/2022,Jaime Lambert
524,Valerie,Kennedy,9,72466,5/29/2024,Valerie Kennedy
525,Eric,Ferrell,1,64610,05/04/2025,Eric Ferrell
526,Keith,Harrison,1,55442,4/23/2024,Keith Harrison
527,Megan,Vaughn,3,110932,5/28/2021,Megan Vaughn
528,Debbie,Rogers,6,106903,1/13/2021,Debbie Rogers
529,Laura,Murphy,3,73554,04/02/2023,Laura Murphy
530,David,Mccarthy,1,68881,03/09/2025,David Mccarthy
531,Kristina,Brown,9,72872,03/02/2025,Kristina Brown
532,Larry,Ellison,1,85876,3/24/2022,Larry Ellison
533,Amber,Meyers,6,101211,03/07/2024,Amber Meyers
534,Christopher,Gray,4,99694,4/18/2023,Christopher Gray
535,Denise,Mason,9,45236,5/18/2024,Denise Mason
536,Shawn,Vaughan,8,54850,12/18/2021,Shawn Vaughan
537,Roberta,Carson,9,56965,11/01/2020,Roberta Carson
538,Virginia,Williams,7,112934,3/28/2023,Virginia Williams
539,Mark,Wilson,6,66479,10/22/2020,Mark Wilson
540,Sheila,Olsen,6,69015,08/09/2020,Sheila Olsen
541,Samuel,Dunn,8,51187,10/08/2022,Samuel Dunn
542,Samuel,Montoya,5,103228,5/25/2021,Samuel Montoya
543,Jessica,Rogers,7,50283,7/30/2024,Jessica Rogers
544,Audrey,Stafford,9,56781,06/04/2021,Audrey Stafford
545,Alexandra,Guzman,9,54770,5/31/2021,Alexandra Guzman
546,Leslie,Gibson,1,58903,04/09/2025,Leslie Gibson
547,Laura,Thompson,7,62444,09/12/2020,Laura Thompson
548,Kenneth,Montoya,7,90705,4/15/2023,Kenneth Montoya
549,Jessica,Patel,9,82313,2/16/2021,Jessica Patel
550,Karen,Powell,2,103865,10/01/2022,Karen Powell
551,Jeffery,Davis,10,84673,9/21/2022,Jeffery Davis
552,Scott,Morris,1,77902,09/11/2024,Scott Morris
553,David,Simon,2,87474,9/22/2024,David Simon
554,Chris,Johnson,8,81021,11/13/2024,Chris Johnson
555,Steven,Mcgee,6,61397,9/30/2022,Steven Mcgee
556,David,Singh,4,68796,5/27/2020,David Singh
557,Isaiah,Stephenson,3,115732,04/05/2025,Isaiah Stephenson
558,James,Matthews,10,69247,12/26/2020,James Matthews
559,Karen,Mcmillan,9,93685,01/03/2023,Karen Mcmillan
560,Ashlee,Young,4,65799,06/10/2024,Ashlee Young
561,Susan,Phillips,6,56715,8/30/2022,Susan Phillips
562,Cristina,Jackson,7,53373,01/04/2023,Cristina Jackson
563,Jason,Bailey,2,92412,10/13/2023,Jason Bailey
564,Heather,Smith,9,95325,02/05/2022,Heather Smith
565,Justin,Adams,1,78551,09/08/2021,Justin Adams
566,Leslie,Fry,9,45935,7/20/2024,Leslie Fry
567,Rachael,Gamble,1,96614,9/27/2020,Rachael Gamble
568,Amber,Dodson,9,90778,1/31/2023,Amber Dodson
569,Brandi,Singh,2,106741,04/01/2025,Brandi Singh
570,Shelley,Miller,2,70010,10/30/2020,Shelley Miller
571,Robert,Rogers,2,96257,04/03/2022,Robert Rogers
572,Jennifer,Price,1,58439,12/05/2021,Jennifer Price
573,Ryan,Goodman,3,108989,12/22/2024,Ryan Goodman
574,Frances,Gonzalez,10,70221,10/23/2023,Frances Gonzalez
575,Dwayne,Diaz,3,57241,1/21/2025,Dwayne Diaz
576,Holly,Hale,2,65743,06/09/2020,Holly Hale
577,Manuel,Brennan,5,46675,2/26/2025,Manuel Brennan
578,Frank,Barnes,8,63265,03/01/2021,Frank Barnes
579,Katherine,Wood,2,117635,8/31/2023,Katherine Wood
580,Robert,Smith,8,74876,4/25/2025,Robert Smith
581,Michael,Murphy,5,104451,09/04/2023,Michael Murphy
582,Brandon,Jackson,1,98136,9/26/2022,Brandon Jackson
583,Michelle,Rich,4,72763,11/16/2023,Michelle Rich
584,Thomas,Mcgrath,5,46438,12/04/2020,Thomas Mcgrath
585,Kellie,Torres,7,78374,01/06/2025,Kellie Torres
586,Kaitlyn,Mccormick,9,75616,7/26/2020,Kaitlyn Mccormick
587,Donna,Galvan,3,61276,01/09/2025,Donna Galvan
588,Raymond,Martinez,1,57947,04/09/2025,Raymond Martinez
589,Timothy,Brady,7,111812,7/19/2022,Timothy Brady
590,Robert,Dennis,1,45321,6/28/2020,Robert Dennis
591,Denise,Murray,5,87095,06/05/2020,Denise Murray
592,Julie,Hughes,9,76557,12/06/2023,Julie Hughes
593,Gerald,Arnold,6,94175,08/10/2022,Gerald Arnold
594,Melanie,Baker,9,109130,12/30/2022,Melanie Baker
595,Gary,Smith,1,98643,11/21/2023,Gary Smith
596,Peter,Le,3,103923,09/05/2020,Peter Le
597,Deborah,Mills,8,109158,2/26/2021,Deborah Mills
598,Joseph,Shepard,10,57603,2/26/2021,Joseph Shepard
599,Mark,Harris,7,105895,3/26/2022,Mark Harris
600,Samuel,Ferguson,3,118391,10/17/2024,Samuel Ferguson
601,Jennifer,Simmons,7,89071,04/07/2025,Jennifer Simmons
602,Maria,Perkins,9,105010,07/03/2024,Maria Perkins
603,Noah,Landry,6,55123,03/08/2025,Noah Landry
604,Joshua,Greene,10,116202,2/19/2025,Joshua Greene
605,Stephanie,Odom,3,119458,05/01/2022,Stephanie Odom
606,Kathleen,Gutierrez,5,60119,09/12/2021,Kathleen Gutierrez
607,Brandon,Vasquez,8,109439,07/03/2022,Brandon Vasquez
608,Ronald,Martinez,7,116139,5/25/2021,Ronald Martinez
609,Elizabeth,Sullivan,7,101097,09/05/2024,Elizabeth Sullivan
610,Christine,Jenkins,9,63227,06/04/2021,Christine Jenkins
611,Joseph,Robinson,4,90991,12/06/2024,Joseph Robinson
612,Edward,Jones,1,93836,11/28/2022,Edward Jones
613,Marie,Stephenson,10,94060,9/13/2023,Marie Stephenson
614,Jasmine,Nicholson,6,97065,1/22/2021,Jasmine Nicholson
615,Sarah,Kramer,3,90909,10/31/2024,Sarah Kramer
616,Michael,Carpenter,4,96179,11/24/2021,Michael Carpenter
617,James,Lopez,7,108241,11/13/2021,James Lopez
618,Tracy,Robertson,10,50495,5/25/2020,Tracy Robertson
619,David,Rodgers,7,77122,4/13/2021,David Rodgers
620,Eric,Carroll,10,103748,06/09/2021,Eric Carroll
621,Tracey,Riley,1,110256,4/29/2022,Tracey Riley
622,Claire,Nelson,9,73931,12/04/2022,Claire Nelson
623,John,Horton,3,63143,07/07/2022,John Horton
624,Jessica,Robertson,10,45376,04/08/2021,Jessica Robertson
625,Mark,Lang,3,100018,1/22/2025,Mark Lang
626,Noah,Roberts,9,52879,6/14/2021,Noah Roberts
627,Michelle,Herrera,4,83019,09/04/2024,Michelle Herrera
628,Elizabeth,Cole,10,96850,10/21/2024,Elizabeth Cole
629,Jessica,Thompson,8,108002,7/24/2024,Jessica Thompson
630,Colleen,Rice,1,66594,6/21/2020,Colleen Rice
631,Daniel,Anderson,6,110052,9/14/2022,Daniel Anderson
632,Donald,Carr,10,106547,09/01/2021,Donald Carr
633,Lori,Lee,7,97457,11/11/2023,Lori Lee
634,Joseph,Marsh,2,92864,12/18/2022,Joseph Marsh
635,Mary,Thomas,10,81810,12/18/2021,Mary Thomas
636,Jerry,Griffith,9,103479,8/31/2020,Jerry Griffith
637,Brandon,Morrow,9,60369,6/26/2021,Brandon Morrow
638,Destiny,Jones,9,100397,01/01/2025,Destiny Jones
639,Kristin,Vargas,1,112059,10/27/2023,Kristin Vargas
640,Candace,Thompson,8,76809,4/14/2023,Candace Thompson
641,Kathleen,Ortiz,5,65904,7/18/2023,Kathleen Ortiz
642,Scott,Hall,3,68898,09/07/2021,Scott Hall
643,Andrew,Hayes,4,106720,3/24/2024,Andrew Hayes
644,Jeremy,Johnson,6,85917,10/24/2023,Jeremy Johnson
645,William,King,8,119154,02/03/2022,William King
646,Jacqueline,Nelson,10,102501,09/10/2022,Jacqueline Nelson
647,Jason,Ramsey,6,62857,6/19/2022,Jason Ramsey
648,Elizabeth,Castillo,2,60839,8/29/2024,Elizabeth Castillo
649,Jennifer,Stevenson,7,51000,08/04/2024,Jennifer Stevenson
650,Eugene,Kemp,8,52612,09/02/2020,Eugene Kemp
651,Theodore,Chandler,4,74829,11/16/2021,Theodore Chandler
652,Donald,Khan,4,90361,05/08/2024,Donald Khan
653,Ebony,Campbell,10,105365,7/14/2021,Ebony Campbell
654,Eduardo,Valencia,9,112538,6/16/2023,Eduardo Valencia
655,Logan,Taylor,5,73478,1/16/2021,Logan Taylor
656,Donna,Richard,3,70548,3/29/2021,Donna Richard
657,Norman,Klein,5,113892,03/05/2025,Norman Klein
658,Theresa,Smith,4,70710,11/24/2023,Theresa Smith
659,Sara,Ware,6,49316,11/09/2021,Sara Ware
660,Michelle,Hull,7,88757,6/24/2023,Michelle Hull
661,Samantha,Foley,6,75595,6/16/2020,Samantha Foley
662,Mark,Allen,1,115123,09/09/2024,Mark Allen
663,Keith,Barnes,9,102346,12/28/2023,Keith Barnes
664,David,Mckee,10,48837,8/25/2022,David Mckee
665,Jennifer,Francis,1,72930,12/20/2020,Jennifer Francis
666,Sandra,Callahan,3,108087,12/13/2022,Sandra Callahan
667,Bradley,Rosario,3,118757,4/16/2023,Bradley Rosario
668,Brittany,Mccormick,9,106564,08/04/2022,Brittany Mccormick
669,Holly,Mitchell,6,94372,6/14/2022,Holly Mitchell
670,Jasmine,Baker,8,63522,1/29/2025,Jasmine Baker
671,Joseph,Olsen,6,60846,4/27/2023,Joseph Olsen
672,Mikayla,Wood,3,99036,11/29/2020,Mikayla Wood
673,Edward,Rodriguez,7,76094,05/04/2023,Edward Rodriguez
674,Christopher,Mccall,7,100470,4/28/2025,Christopher Mccall
675,Megan,Rogers,8,107781,11/18/2023,Megan Rogers
676,Henry,Boyer,1,113066,12/01/2020,Henry Boyer
677,Zachary,Hayes,2,84404,10/19/2024,Zachary Hayes
678,Janet,Perez,1,91927,01/02/2023,Janet Perez
679,Charles,Davis,7,95355,02/02/2023,Charles Davis
680,Danielle,Wright,1,109564,07/06/2021,Danielle Wright
681,Jessica,Moreno,7,100148,4/26/2023,Jessica Moreno
682,Jordan,Edwards,6,73543,10/17/2024,Jordan Edwards
683,Lisa,Hall,2,101897,2/18/2023,Lisa Hall
684,Emily,Salazar,7,89034,08/09/2024,Emily Salazar
685,Andrew,Marquez,2,118997,11/01/2022,Andrew Marquez
686,Troy,Fowler,10,60047,12/19/2024,Troy Fowler
687,Travis,Hernandez,2,65291,05/03/2024,Travis Hernandez
688,Mary,Griffin,9,75919,6/13/2024,Mary Griffin
689,Dawn,Whitney,6,88100,09/12/2020,Dawn Whitney
690,Elizabeth,Smith,8,102640,3/30/2023,Elizabeth Smith
691,Matthew,Levine,4,104775,10/24/2020,Matthew Levine
692,Paul,Dodson,1,95857,11/30/2020,Paul Dodson
693,Candace,Wood,3,97875,2/22/2023,Candace Wood
694,John,Smith,9,83305,10/26/2021,John Smith
695,Sarah,Ford,8,106908,1/16/2021,Sarah Ford
696,Anna,Tate,10,112534,8/21/2022,Anna Tate
697,Daniel,Johnson,4,57409,08/12/2023,Daniel Johnson
698,Destiny,Jimenez,8,110332,11/22/2024,Destiny Jimenez
699,Pamela,Hall,6,116942,01/12/2023,Pamela Hall
700,Samantha,Cardenas,2,49504,1/23/2021,Samantha Cardenas
701,Ashley,Hamilton,6,88175,12/26/2023,Ashley Hamilton
702,Taylor,Bailey,6,101344,4/20/2024,Taylor Bailey
703,David,Jones,5,48911,02/05/2023,David Jones
704,Christopher,Moss,9,114875,05/12/2021,Christopher Moss
705,Elizabeth,Martin,3,71309,02/06/2024,Elizabeth Martin
706,Tara,Krause,9,79028,03/03/2023,Tara Krause
707,Eric,Bennett,6,83619,01/04/2023,Eric Bennett
708,Ronald,Morgan,5,66712,12/07/2020,Ronald Morgan
709,Ryan,Chang,5,46350,02/10/2021,Ryan Chang
710,Jason,Hunt,3,46659,07/09/2020,Jason Hunt
711,Matthew,Merritt,5,100895,09/09/2023,Matthew Merritt
712,Valerie,Fritz,8,70831,5/14/2021,Valerie Fritz
713,Rebecca,Silva,1,73068,10/22/2021,Rebecca Silva
714,Stacy,Maldonado,3,74956,11/17/2023,Stacy Maldonado
715,Nicholas,Richard,1,100231,4/15/2023,Nicholas Richard
716,Carol,Nichols,9,79051,3/22/2024,Carol Nichols
717,Bobby,Turner,7,70374,4/17/2021,Bobby Turner
718,Aaron,Bennett,3,111323,4/13/2021,Aaron Bennett
719,Eric,Ayers,2,100580,7/18/2022,Eric Ayers
720,Brenda,Williams,1,95907,12/17/2022,Brenda Williams
721,Luis,Stephens,5,96338,6/18/2022,Luis Stephens
722,Elaine,Sutton,2,73080,3/21/2021,Elaine Sutton
723,Melissa,Morrison,2,100916,11/01/2020,Melissa Morrison
724,Misty,Lowe,5,53795,02/10/2021,Misty Lowe
725,Gerald,Lee,10,110785,11/16/2020,Gerald Lee
726,James,Campbell,9,108494,07/04/2021,James Campbell
727,Sarah,Fowler,2,57392,1/28/2022,Sarah Fowler
728,Kimberly,Alexander,4,92943,3/14/2025,Kimberly Alexander
729,Brandon,Roth,5,117068,4/21/2025,Brandon Roth
730,Gregory,Mills,5,45515,4/21/2023,Gregory Mills
731,Desiree,Gardner,10,81621,1/25/2024,Desiree Gardner
732,Jacob,Lewis,5,96321,02/08/2021,Jacob Lewis
733,Brandon,Hancock,5,47174,5/18/2020,Brandon Hancock
734,David,Klein,1,53198,2/19/2025,David Klein
735,Timothy,Taylor,8,109865,3/25/2021,Timothy Taylor
736,Megan,Mathis,3,45417,2/23/2023,Megan Mathis
737,Joseph,Mccormick,10,115860,10/29/2023,Joseph Mccormick
738,Alicia,Ball,9,97670,6/25/2020,Alicia Ball
739,Judy,Odonnell,9,88950,1/25/2025,Judy Odonnell
740,Barbara,Wilkins,9,110884,10/06/2024,Barbara Wilkins
741,Kristina,Gomez,3,91773,3/20/2022,Kristina Gomez
742,Andrea,Moore,9,49037,12/27/2020,Andrea Moore
743,Sarah,Banks,9,104909,01/12/2023,Sarah Banks
744,Bryan,Benitez,10,74383,3/16/2023,Bryan Benitez
745,Joshua,Murray,4,119565,5/24/2021,Joshua Murray
746,Courtney,Ramos,3,111302,12/29/2020,Courtney Ramos
747,Derrick,Nelson,7,98041,10/26/2020,Derrick Nelson
748,Heather,Smith,10,65628,5/19/2023,Heather Smith
749,James,Robinson,1,99461,05/06/2022,James Robinson
750,Julie,Wright,7,109145,02/07/2021,Julie Wright
751,Alan,Arroyo,5,95116,2/28/2022,Alan Arroyo
752,Timothy,Walker,7,65500,6/18/2024,Timothy Walker
753,Debbie,Nelson,5,51377,11/25/2020,Debbie Nelson
754,Rachel,Gonzalez,6,89805,8/15/2020,Rachel Gonzalez
755,Breanna,Montoya,10,62085,03/11/2024,Breanna Montoya
756,Sarah,Lewis,10,67840,2/26/2024,Sarah Lewis
757,Noah,Clark,7,117976,06/07/2020,Noah Clark
758,Angela,Lopez,3,48208,02/12/2022,Angela Lopez
759,Danielle,Martin,10,96089,03/11/2023,Danielle Martin
760,Lauren,Meyers,3,111587,10/10/2020,Lauren Meyers
761,Mary,Richmond,6,78558,5/15/2022,Mary Richmond
762,Bianca,Bryant,7,101162,06/08/2022,Bianca Bryant
763,Jennifer,Wilson,8,64199,05/12/2025,Jennifer Wilson
764,Lindsey,Cooper,10,75693,10/15/2023,Lindsey Cooper
765,Jenny,Walker,6,106602,10/05/2020,Jenny Walker
766,Michelle,Weiss,9,102198,7/18/2024,Michelle Weiss
767,Chelsea,Martinez,8,75615,03/12/2023,Chelsea Martinez
768,Amanda,Martinez,3,105649,08/05/2023,Amanda Martinez
769,Anna,Aguirre,2,64494,12/10/2023,Anna Aguirre
770,Pamela,Butler,5,78993,05/11/2022,Pamela Butler
771,Michael,Bentley,9,79307,7/13/2020,Michael Bentley
772,Robert,Lopez,7,87746,3/24/2021,Robert Lopez
773,Joseph,Jones,1,117360,3/23/2025,Joseph Jones
774,Carlos,Mcdowell,6,79936,11/30/2020,Carlos Mcdowell
775,Alexander,Newman,9,119140,2/15/2025,Alexander Newman
776,Kelsey,Taylor,1,107224,07/06/2021,Kelsey Taylor
777,Laura,Wilkins,6,96539,06/10/2022,Laura Wilkins
778,Pamela,Davis,1,62693,1/27/2025,Pamela Davis
779,Nathaniel,Alexander,5,84624,7/15/2020,Nathaniel Alexander
780,Megan,Walter,3,98912,08/06/2020,Megan Walter
781,Sandra,Jones,9,50359,5/17/2022,Sandra Jones
782,Connie,King,2,59694,12/30/2020,Connie King
783,Victoria,Howard,10,53603,06/08/2024,Victoria Howard
784,Marcus,Li,8,80131,02/06/2021,Marcus Li
785,Taylor,Foley,1,78937,7/18/2022,Taylor Foley
786,Anita,Salazar,5,118166,03/09/2023,Anita Salazar
787,Kevin,Johnston,7,94930,01/06/2023,Kevin Johnston
788,Gina,Pearson,10,64455,1/29/2025,Gina Pearson
789,Michelle,Holmes,1,111206,05/10/2025,Michelle Holmes
790,Michael,Green,3,67146,12/16/2021,Michael Green
791,Donald,Carr,5,77593,6/24/2021,Donald Carr
792,Benjamin,Moore,2,65197,4/27/2022,Benjamin Moore
793,Melissa,Horton,9,108164,10/20/2024,Melissa Horton
794,Elizabeth,Olson,7,97334,3/22/2024,Elizabeth Olson
795,Keith,Anderson,9,63365,1/21/2022,Keith Anderson
796,Michael,Lewis,2,93586,2/25/2021,Michael Lewis
797,Keith,Hall,1,61167,7/16/2020,Keith Hall
798,Steven,Sanchez,3,114525,08/10/2020,Steven Sanchez
799,Kristen,Simmons,1,109590,10/13/2023,Kristen Simmons
800,Colleen,Harrell,10,55549,10/09/2022,Colleen Harrell
801,Jean,Austin,5,72528,5/15/2020,Jean Austin
802,Crystal,Martin,4,67055,12/24/2024,Crystal Martin
803,Kyle,Miller,9,101928,2/21/2022,Kyle Miller
804,Danielle,Moore,9,110834,10/29/2024,Danielle Moore
805,Anna,French,4,105816,01/10/2023,Anna French
806,Adam,Bates,5,115689,02/11/2025,Adam Bates
807,James,Maddox,7,102701,8/27/2021,James Maddox
808,Steven,Zimmerman,4,80359,8/28/2020,Steven Zimmerman
809,Darlene,Long,10,88089,8/25/2020,Darlene Long
810,Laura,Flores,8,116915,05/02/2023,Laura Flores
811,Sonya,Ray,5,56623,1/24/2021,Sonya Ray
812,Wendy,Klein,3,60679,6/15/2021,Wendy Klein
813,Gerald,Smith,9,45229,2/17/2022,Gerald Smith
814,Robert,Rivas,9,95904,10/26/2023,Robert Rivas
815,Kaylee,Carr,8,100854,8/26/2024,Kaylee Carr
816,Jeremiah,Bryant,7,91174,07/11/2021,Jeremiah Bryant
817,Michele,Rodriguez,6,115318,11/19/2022,Michele Rodriguez
818,Daniel,Moses,4,61729,7/27/2022,Daniel Moses
819,Jennifer,Kennedy,4,49909,7/18/2023,Jennifer Kennedy
820,James,Scott,8,65579,11/22/2023,James Scott
821,Timothy,Bates,7,95476,03/05/2025,Timothy Bates
822,Samantha,Price,9,117071,5/26/2022,Samantha Price
823,Rebecca,Moore,9,104238,10/31/2022,Rebecca Moore
824,David,Conley,9,70827,06/07/2023,David Conley
825,Carlos,Martinez,10,71942,10/07/2024,Carlos Martinez
826,Anita,Bennett,10,51260,07/06/2022,Anita Bennett
827,Sylvia,Peterson,9,110830,8/24/2022,Sylvia Peterson
828,Donald,Lopez,6,70051,1/28/2021,Donald Lopez
829,Gregory,Hester,2,75245,10/22/2023,Gregory Hester
830,Joshua,Lewis,7,103010,11/23/2021,Joshua Lewis
831,Brian,Hughes,9,97784,8/15/2024,Brian Hughes
832,Matthew,Sanchez,3,90857,11/06/2021,Matthew Sanchez
833,Michelle,Day,6,64698,9/15/2023,Michelle Day
834,Cynthia,Pollard,10,92291,11/09/2023,Cynthia Pollard
835,Heather,Perkins,3,64029,3/16/2024,Heather Perkins
836,Tristan,Jones,3,49936,1/24/2021,Tristan Jones
837,Jose,Thomas,10,54191,11/10/2020,Jose Thomas
838,Nicole,Johnson,2,93231,5/20/2021,Nicole Johnson
839,Charles,Jackson,7,81288,10/31/2024,Charles Jackson
840,Antonio,Lang,8,101215,04/01/2024,Antonio Lang
841,Amy,Browning,8,92477,03/02/2022,Amy Browning
842,Christopher,Ramos,1,83383,05/06/2022,Christopher Ramos
843,Keith,Morris,10,67680,09/02/2020,Keith Morris
844,Barbara,Castillo,2,52330,12/06/2024,Barbara Castillo
845,Eric,Mendez,3,102277,04/11/2024,Eric Mendez
846,Timothy,Roy,5,111824,4/20/2021,Timothy Roy
847,Maria,Moran,1,60944,3/19/2021,Maria Moran
848,Amber,Carpenter,7,94984,09/10/2021,Amber Carpenter
849,Anthony,Dunn,10,97957,12/03/2023,Anthony Dunn
850,David,Martin,9,64335,01/04/2024,David Martin
851,Melissa,Wilson,2,107720,02/09/2023,Melissa Wilson
852,Christine,Perez,9,51498,6/15/2020,Christine Perez
853,Maria,Moreno,3,82115,9/21/2020,Maria Moreno
854,John,Adkins,6,70311,6/21/2024,John Adkins
855,Randy,Rodriguez,3,68871,12/18/2024,Randy Rodriguez
856,Dustin,Salinas,8,93186,12/07/2020,Dustin Salinas
857,Roger,Barnett,4,49641,10/26/2024,Roger Barnett
858,John,Coleman,3,64644,12/04/2023,John Coleman
859,Gail,Williams,2,112488,6/27/2022,Gail Williams
860,Richard,Gallegos,3,51889,06/05/2022,Richard Gallegos
861,Julie,Freeman,2,77024,10/21/2021,Julie Freeman
862,Michele,Fuentes,5,56092,10/28/2022,Michele Fuentes
863,Rodney,Zamora,6,55018,3/13/2023,Rodney Zamora
864,Michelle,Deleon,4,61251,4/23/2021,Michelle Deleon
865,James,Owens,7,100272,4/18/2024,James Owens
866,Joseph,May,7,76389,5/29/2022,Joseph May
867,Julie,Bell,8,73319,03/07/2023,Julie Bell
868,John,Davis,2,65924,8/14/2024,John Davis
869,Janet,Carter,3,56546,10/07/2022,Janet Carter
870,Melissa,Stephenson,3,53231,5/15/2020,Melissa Stephenson
871,Joshua,Hunt,8,70000,4/23/2021,Joshua Hunt
872,Edward,Martinez,6,118794,09/02/2021,Edward Martinez
873,Zachary,Young,1,66504,09/08/2020,Zachary Young
874,Karen,Chambers,5,107528,6/20/2021,Karen Chambers
875,Eileen,Scott,7,54538,01/02/2024,Eileen Scott
876,Cory,Guerrero,1,50094,3/24/2024,Cory Guerrero
877,James,Moon,9,62945,9/23/2023,James Moon
878,Ariana,Reese,7,58765,1/15/2024,Ariana Reese
879,Sheryl,Baldwin,4,74613,1/24/2024,Sheryl Baldwin
880,Peggy,Wood,9,103262,3/18/2022,Peggy Wood
881,Javier,Quinn,3,118319,8/19/2021,Javier Quinn
882,Tina,Sutton,1,76005,05/01/2022,Tina Sutton
883,Curtis,Thomas,3,87958,5/15/2023,Curtis Thomas
884,John,Mendoza,5,85536,04/10/2021,John Mendoza
885,Crystal,Green,3,116728,03/09/2021,Crystal Green
886,Sabrina,Foster,2,112489,6/14/2020,Sabrina Foster
887,Carrie,Martinez,7,74622,1/16/2024,Carrie Martinez
888,Laura,Smith,4,102946,2/21/2025,Laura Smith
889,Tyler,Thompson,4,51718,10/31/2020,Tyler Thompson
890,Danielle,Rose,7,96439,11/03/2023,Danielle Rose
891,Brian,Castillo,1,114178,10/31/2023,Brian Castillo
892,Erica,Martin,10,80084,05/02/2021,Erica Martin
893,Joseph,Hamilton,4,56048,11/14/2024,Joseph Hamilton
894,Christina,Ingram,10,112355,12/21/2022,Christina Ingram
895,Sydney,Dominguez,1,112525,08/04/2021,Sydney Dominguez
896,Dominique,Castillo,7,79555,8/28/2022,Dominique Castillo
897,Molly,Torres,2,110185,10/09/2023,Molly Torres
898,Ryan,Harper,1,73172,8/22/2021,Ryan Harper
899,Jasmin,Wright,9,54467,11/19/2023,Jasmin Wright
900,Phillip,Fernandez,6,56378,6/30/2020,Phillip Fernandez
901,Tanya,Rogers,8,86016,4/21/2023,Tanya Rogers
902,Marvin,Nelson,3,109689,10/16/2024,Marvin Nelson
903,Patricia,Hale,8,51031,12/13/2023,Patricia Hale
904,Anthony,Greene,2,73297,6/18/2024,Anthony Greene
905,Christopher,Johnston,6,57285,3/17/2023,Christopher Johnston
906,Jennifer,Hernandez,10,71790,12/10/2024,Jennifer Hernandez
907,Jessica,Alexander,1,102146,1/19/2025,Jessica Alexander
908,Debra,Cox,5,72608,8/29/2020,Debra Cox
909,Shannon,Robbins,10,52068,6/28/2022,Shannon Robbins
910,David,Ramirez,7,102141,11/28/2023,David Ramirez
911,Alicia,Davis,8,92808,11/11/2021,Alicia Davis
912,Anthony,Garcia,2,104773,07/12/2020,Anthony Garcia
913,Jessica,Herring,9,67368,12/29/2023,Jessica Herring
914,Tara,Turner,9,71136,2/27/2025,Tara Turner
915,Devin,Hunter,8,119886,7/16/2021,Devin Hunter
916,Derrick,Kane,6,80130,5/14/2021,Derrick Kane
917,Christopher,Marsh,7,111539,9/23/2022,Christopher Marsh
918,David,Rogers,5,101610,5/20/2022,David Rogers
919,Rebecca,Nguyen,8,50209,9/19/2020,Rebecca Nguyen
920,April,Lewis,9,94609,12/21/2020,April Lewis
921,Angela,Evans,3,102398,11/08/2024,Angela Evans
922,Lindsey,Williams,5,118699,10/08/2021,Lindsey Williams
923,Melanie,Nelson,2,82107,6/13/2022,Melanie Nelson
924,Sara,Alvarez,8,75311,8/26/2020,Sara Alvarez
925,Matthew,Hayes,1,49257,11/13/2023,Matthew Hayes
926,Kerry,Winters,2,88576,6/30/2020,Kerry Winters
927,Brian,Smith,7,54810,01/10/2023,Brian Smith
928,Michael,Torres,5,112002,7/30/2021,Michael Torres
929,Olivia,Wolf,9,68349,06/09/2020,Olivia Wolf
930,Kenneth,Richardson,7,62176,12/10/2023,Kenneth Richardson
931,Timothy,Harris,2,100373,4/28/2025,Timothy Harris
932,Chelsea,Thornton,9,51504,6/18/2021,Chelsea Thornton
933,Derrick,Wood,6,107050,12/16/2020,Derrick Wood
934,Jeffrey,Ellison,10,109106,05/07/2025,Jeffrey Ellison
935,Stephanie,Douglas,4,67697,07/07/2021,Stephanie Douglas
936,Sharon,Nielsen,10,72208,11/04/2023,Sharon Nielsen
937,Michael,Williams,6,98474,3/29/2025,Michael Williams
938,Diane,Jacobs,7,62724,6/30/2023,Diane Jacobs
939,Andrea,Parker,4,89919,12/16/2024,Andrea Parker
940,Molly,Allen,6,93706,8/16/2021,Molly Allen
941,Barbara,West,3,81924,06/11/2020,Barbara West
942,Krista,Smith,7,78963,03/05/2021,Krista Smith
943,Glenn,Mason,10,64494,10/24/2024,Glenn Mason
944,Alicia,Edwards,3,111847,02/06/2025,Alicia Edwards
945,Toni,Sullivan,5,49537,8/26/2020,Toni Sullivan
946,David,Ross,8,83030,9/20/2021,David Ross
947,Joseph,Parrish,2,96984,10/30/2023,Joseph Parrish
948,Matthew,Byrd,2,98696,10/06/2020,Matthew Byrd
949,Tara,Andrade,10,93818,10/05/2023,Tara Andrade
950,Francisco,Kaufman,7,64871,5/18/2020,Francisco Kaufman
951,Erin,Nguyen,3,76023,07/11/2024,Erin Nguyen
952,Elizabeth,Arnold,9,46723,10/13/2022,Elizabeth Arnold
953,Craig,Torres,8,84130,08/12/2024,Craig Torres
954,Kristin,Sims,10,78349,09/04/2024,Kristin Sims
955,Jose,Jackson,8,73405,3/26/2023,Jose Jackson
956,Jennifer,Anderson,7,70801,9/16/2023,Jennifer Anderson
957,Stephanie,Brown,7,71907,08/04/2020,Stephanie Brown
958,Curtis,Hall,4,92720,03/09/2024,Curtis Hall
959,Michael,Reyes,9,106377,11/07/2020,Michael Reyes
960,Gary,Wright,5,57797,06/11/2024,Gary Wright
961,Kathy,Garcia,4,77548,01/09/2023,Kathy Garcia
962,Heather,Paul,4,89841,03/02/2023,Heather Paul
963,Russell,Ochoa,2,80010,11/17/2023,Russell Ochoa
964,Michael,Simmons,5,58373,02/06/2022,Michael Simmons
965,Carrie,Vaughn,10,101214,7/15/2024,Carrie Vaughn
966,Timothy,Edwards,5,113746,04/12/2025,Timothy Edwards
967,Matthew,Simpson,6,96392,09/05/2023,Matthew Simpson
968,Justin,Long,8,95070,08/11/2024,Justin Long
969,Russell,Wise,9,66453,12/04/2024,Russell Wise
970,Jordan,King,1,55106,5/25/2021,Jordan King
971,Margaret,Michael,1,46850,6/29/2023,Margaret Michael
972,Regina,Hardin,3,77122,06/04/2021,Regina Hardin
973,David,Diaz,4,46069,03/06/2023,David Diaz
974,Ashley,Bullock,7,59554,3/31/2024,Ashley Bullock
975,Jennifer,Keller,10,93325,5/23/2020,Jennifer Keller
976,John,King,4,65317,2/18/2023,John King
977,Robert,Henderson,4,95416,06/03/2022,Robert Henderson
978,Stephen,Smith,10,96628,04/02/2025,Stephen Smith
979,Sharon,Morris,3,81925,8/15/2022,Sharon Morris
980,Joel,Marshall,2,95598,6/17/2023,Joel Marshall
981,Whitney,Mccarty,7,99654,4/23/2021,Whitney Mccarty
982,Nicole,Gonzales,3,81121,8/31/2022,Nicole Gonzales
983,Michael,Barber,3,102724,4/19/2024,Michael Barber
984,Deborah,White,1,67341,5/17/2020,Deborah White
985,Ryan,Yoder,7,92520,08/07/2021,Ryan Yoder
986,Margaret,Henderson,6,75063,2/20/2021,Margaret Henderson
987,Eric,Harris,9,90893,3/16/2023,Eric Harris
988,Laurie,Houston,6,46458,4/23/2022,Laurie Houston
989,Madison,Barrett,10,117237,04/06/2021,Madison Barrett
990,Cindy,Shea,3,92616,10/25/2020,Cindy Shea
991,Shelby,Smith,2,84612,1/22/2025,Shelby Smith
992,Patrick,Cruz,10,60912,4/30/2022,Patrick Cruz
993,Michelle,Mullins,7,104828,04/09/2024,Michelle Mullins
994,Michelle,Friedman,4,48625,9/14/2022,Michelle Friedman
995,Karen,Hoover,4,51455,4/25/2025,Karen Hoover
996,Matthew,Hunt,10,78289,7/20/2021,Matthew Hunt
997,Nancy,Kennedy,5,105334,09/05/2024,Nancy Kennedy
998,Zachary,Morgan,3,71679,6/29/2023,Zachary Morgan
999,Justin,Walker,7,80035,7/21/2021,Justin Walker
1000,Cheryl,Bond,9,96898,12/16/2020,Cheryl Bond
1001,Joseph,Hudson,4,66798,05/05/2022,Joseph Hudson
1002,Bryan,Garcia,3,86606,08/12/2020,Bryan Garcia
1003,Thomas,Valentine,3,47644,07/08/2020,Thomas Valentine
1004,Lisa,Hunt,9,94880,04/02/2021,Lisa Hunt
1005,Kara,Koch,9,78502,11/26/2022,Kara Koch
1006,Shari,Yates,7,51936,2/14/2021,Shari Yates
1007,Brandon,Nichols,7,97355,05/03/2021,Brandon Nichols
1008,Kevin,Santana,10,54107,02/03/2022,Kevin Santana
1009,Shannon,Gonzalez,5,76222,03/12/2021,Shannon Gonzalez
1010,Debbie,Pearson,6,112862,6/15/2020,Debbie Pearson
1011,David,Booth,4,58232,12/03/2023,David Booth
1012,Matthew,Wilson,8,82417,10/29/2021,Matthew Wilson
1013,John,Lewis,3,113584,9/30/2023,John Lewis
1014,Elijah,Glass,8,102139,10/01/2024,Elijah Glass
1015,Harry,Lowery,9,56776,9/24/2020,Harry Lowery
1016,Tracey,Hayes,2,90058,09/01/2022,Tracey Hayes
1017,Jason,Porter,7,119896,02/09/2021,Jason Porter
1018,Daniel,Velasquez,9,65717,07/05/2022,Daniel Velasquez
1019,Christopher,Saunders,6,48615,10/08/2022,Christopher Saunders
1020,Megan,Carroll,7,96404,6/20/2020,Megan Carroll
1021,Brent,Villa,5,95350,10/27/2023,Brent Villa
1022,Jacob,Butler,6,47750,12/29/2020,Jacob Butler
1023,Brian,Love,6,97602,05/07/2024,Brian Love
1024,Tiffany,Byrd,8,84101,08/11/2020,Tiffany Byrd
1025,Alexis,Martinez,5,50388,11/15/2021,Alexis Martinez
1026,Nathaniel,Beltran,7,96444,8/28/2022,Nathaniel Beltran
1027,Kristin,Bennett,5,60521,12/21/2023,Kristin Bennett
1028,Kathleen,Donaldson,10,64179,9/24/2023,Kathleen Donaldson
1029,Patricia,Jones,10,106691,4/29/2022,Patricia Jones
1030,Jason,Paul,1,86791,12/02/2020,Jason Paul
1031,Susan,Olson,9,89995,1/21/2023,Susan Olson
1032,Rita,Horton,2,53034,8/20/2021,Rita Horton
1033,Peter,Glenn,1,97308,8/20/2024,Peter Glenn
1034,Michael,Sloan,3,74338,03/07/2023,Michael Sloan
1035,Dean,Gonzalez,5,109849,1/14/2021,Dean Gonzalez
1036,Peter,Craig,10,90218,11/22/2022,Peter Craig
1037,Felicia,Lozano,8,72965,6/30/2020,Felicia Lozano
1038,Kylie,Martinez,8,46136,6/27/2023,Kylie Martinez
1039,Andrew,Horn,10,63393,7/29/2023,Andrew Horn
1040,Robert,Taylor,5,75893,10/03/2020,Robert Taylor
1041,Jennifer,Beasley,7,55198,01/05/2023,Jennifer Beasley
1042,Elizabeth,Hunt,9,63314,03/09/2021,Elizabeth Hunt
1043,Alexandra,Cantrell,6,48853,02/05/2021,Alexandra Cantrell
1044,Karen,Collins,3,85996,5/28/2022,Karen Collins
1045,Douglas,Cortez,7,102536,3/27/2022,Douglas Cortez
1046,Heather,Williams,10,68625,4/15/2021,Heather Williams
1047,Dylan,Neal,1,47044,2/18/2024,Dylan Neal
1048,Robert,Jackson,3,113166,5/27/2021,Robert Jackson
1049,Charles,Thomas,5,75456,1/17/2024,Charles Thomas
1050,Kenneth,Aguilar,10,50768,01/04/2023,Kenneth Aguilar
1051,Michael,Morris,1,46565,09/12/2022,Michael Morris
1052,Scott,King,1,101515,02/06/2021,Scott King
1053,Shawn,English,8,54927,4/15/2021,Shawn English
1054,Anthony,Melendez,9,82269,6/29/2024,Anthony Melendez
1055,Stephanie,Brown,1,76765,6/24/2022,Stephanie Brown
1056,Christopher,Larsen,8,60532,12/23/2023,Christopher Larsen
1057,John,Joseph,9,67300,8/25/2023,John Joseph
1058,James,Becker,10,65619,12/07/2023,James Becker
1059,Matthew,Hanson,4,116160,04/04/2022,Matthew Hanson
1060,Melanie,Wade,10,77976,8/27/2020,Melanie Wade
1061,Rhonda,Rosales,8,62179,5/29/2023,Rhonda Rosales
1062,Rebecca,Taylor,6,105745,4/17/2024,Rebecca Taylor
1063,Dawn,Escobar,7,112546,12/30/2024,Dawn Escobar
1064,Timothy,White,8,59599,7/28/2024,Timothy White
1065,Jonathan,Bauer,5,101500,07/08/2024,Jonathan Bauer
1066,Mark,Clark,7,86774,6/25/2022,Mark Clark
1067,Todd,Cook,9,102851,10/26/2024,Todd Cook
1068,Adam,Mckay,9,90768,1/21/2024,Adam Mckay
1069,Maria,Jones,10,99061,12/08/2024,Maria Jones
1070,Christopher,Day,6,106227,9/13/2022,Christopher Day
1071,Kristin,Hammond,7,75475,12/09/2023,Kristin Hammond
1072,Gary,Molina,3,76491,5/16/2024,Gary Molina
1073,Gene,Banks,9,54635,4/25/2023,Gene Banks
1074,Travis,Sanchez,1,115089,7/24/2021,Travis Sanchez
1075,Garrett,Coffey,3,91038,01/04/2021,Garrett Coffey
1076,Janet,Spencer,1,48913,12/19/2020,Janet Spencer
1077,Seth,Vasquez,10,105198,12/03/2020,Seth Vasquez
1078,Thomas,Smith,4,78027,11/05/2020,Thomas Smith
1079,Sarah,Reynolds,2,54451,04/07/2023,Sarah Reynolds
1080,Anthony,Hudson,6,50112,5/16/2020,Anthony Hudson
1081,Tim,Gonzalez,9,50395,12/02/2023,Tim Gonzalez
1082,Justin,Clark,5,59558,05/09/2023,Justin Clark
1083,Emily,Williams,9,77043,12/10/2020,Emily Williams
1084,Erin,Moore,4,88423,02/05/2024,Erin Moore
1085,Richard,Brown,4,87636,2/14/2021,Richard Brown
1086,Anthony,Lee,9,102044,07/09/2020,Anthony Lee
1087,Claire,Edwards,5,45081,11/20/2021,Claire Edwards
1088,Todd,Acosta,9,93116,6/23/2021,Todd Acosta
1089,Shawn,Ferguson,4,104871,04/08/2022,Shawn Ferguson
1090,William,Garcia,3,91205,10/25/2020,William Garcia
1091,Priscilla,Smith,5,105617,1/24/2025,Priscilla Smith
1092,Casey,Castro,4,74399,2/14/2022,Casey Castro
1093,Michael,Brooks,2,110730,12/26/2024,Michael Brooks
1094,Jasmine,Kelley,8,61852,07/03/2021,Jasmine Kelley
1095,Aaron,Scott,1,52273,10/18/2022,Aaron Scott
1096,Don,Foster,4,97931,2/15/2025,Don Foster
1097,Chelsea,Griffin,10,79651,3/21/2024,Chelsea Griffin
1098,Danielle,Jones,1,91603,06/01/2020,Danielle Jones
1099,Justin,Johnson,10,94100,7/16/2024,Justin Johnson
1100,Kayla,Beck,3,48036,2/28/2023,Kayla Beck
1101,Raymond,Donovan,5,85769,11/21/2024,Raymond Donovan
1102,Victoria,Wiggins,5,71585,4/14/2022,Victoria Wiggins
1103,Timothy,Page,9,81585,6/15/2023,Timothy Page
1104,Jackie,Anderson,6,119567,1/22/2024,Jackie Anderson
1105,Austin,Garza,9,110873,1/19/2025,Austin Garza
1106,Marcus,Keller,8,97428,6/22/2021,Marcus Keller
1107,Brandon,Turner,4,82783,10/10/2020,Brandon Turner
1108,Christopher,Keith,8,59300,6/28/2021,Christopher Keith
1109,Christopher,Hanson,5,96254,05/09/2022,Christopher Hanson
1110,Sonya,Hayes,5,83001,8/19/2021,Sonya Hayes
1111,Tammy,Tucker,8,46786,12/03/2022,Tammy Tucker
1112,Mark,Jenkins,8,88344,9/28/2022,Mark Jenkins
1113,Kelsey,Rivera,3,119614,02/12/2024,Kelsey Rivera
1114,Crystal,Guzman,10,83300,10/07/2023,Crystal Guzman
1115,Melinda,Taylor,2,110345,12/13/2023,Melinda Taylor
1116,Spencer,Griffin,5,45969,10/18/2021,Spencer Griffin
1117,Howard,Hill,9,93756,10/10/2021,Howard Hill
1118,Mallory,White,3,112244,03/02/2023,Mallory White
1119,Eddie,Cox,1,56047,07/04/2024,Eddie Cox
1120,Jill,Smith,9,118241,12/23/2024,Jill Smith
1121,Andrea,Shepard,1,107845,12/15/2021,Andrea Shepard
1122,John,Johnson,6,48774,11/23/2020,John Johnson
1123,Brian,Conner,10,63073,12/08/2022,Brian Conner
1124,Frank,Smith,8,77536,5/22/2024,Frank Smith
1125,Danielle,Mooney,10,75085,7/22/2022,Danielle Mooney
1126,Susan,Rubio,9,71176,4/29/2022,Susan Rubio
1127,Alexandra,Mccoy,10,77097,07/11/2021,Alexandra Mccoy
1128,Timothy,Rodriguez,9,58196,1/29/2021,Timothy Rodriguez
1129,Michael,Castro,8,109284,10/02/2024,Michael Castro
1130,Johnny,Bruce,10,97881,11/20/2022,Johnny Bruce
1131,John,Schmidt,9,78252,5/18/2022,John Schmidt
1132,Victoria,Ross,9,91078,2/28/2023,Victoria Ross
1133,Aaron,Lee,4,51783,11/29/2024,Aaron Lee
1134,Roger,Rhodes,8,56939,6/30/2021,Roger Rhodes
1135,Angela,Ellis,4,82978,04/01/2024,Angela Ellis
1136,Justin,Sanchez,5,112523,02/07/2025,Justin Sanchez
1137,James,Johnson,9,94944,07/10/2020,James Johnson
1138,Dennis,Hill,10,46699,12/23/2023,Dennis Hill
1139,Stephen,Smith,10,116704,10/12/2023,Stephen Smith
1140,Aaron,Miller,1,47102,06/01/2021,Aaron Miller
1141,Marvin,Cooley,7,74948,11/12/2022,Marvin Cooley
1142,Michelle,Wall,4,108992,04/11/2023,Michelle Wall
1143,Hannah,Flores,6,54943,12/21/2024,Hannah Flores
1144,Shawn,Kim,3,49300,4/24/2024,Shawn Kim
1145,Robin,Thompson,2,111197,1/24/2024,Robin Thompson
1146,Elijah,Weaver,9,101334,1/25/2024,Elijah Weaver
1147,Helen,David,4,72873,08/10/2021,Helen David
1148,Patricia,Moore,9,69568,08/10/2022,Patricia Moore
1149,Marcus,Gordon,10,70185,8/20/2023,Marcus Gordon
1150,Mary,Fernandez,2,70526,07/04/2021,Mary Fernandez
1151,Karen,Washington,5,96000,7/31/2021,Karen Washington
1152,Sarah,Mcmillan,10,101992,10/09/2020,Sarah Mcmillan
1153,Barry,Williams,4,75349,01/02/2022,Barry Williams
1154,Jonathan,Franco,2,60217,6/16/2024,Jonathan Franco
1155,David,Russell,9,88360,07/08/2021,David Russell
1156,Gary,Morris,8,71534,08/08/2024,Gary Morris
1157,Whitney,Neal,4,91122,5/21/2023,Whitney Neal
1158,Shane,Duran,3,49439,06/05/2021,Shane Duran
1159,Kimberly,Lee,6,60387,9/18/2023,Kimberly Lee
1160,Roger,Todd,8,80129,6/17/2022,Roger Todd
1161,James,Taylor,2,117409,1/29/2022,James Taylor
1162,Brian,Walker,1,115503,2/19/2022,Brian Walker
1163,Sara,Turner,8,74902,11/11/2020,Sara Turner
1164,Ann,Ramirez,5,93418,11/27/2020,Ann Ramirez
1165,John,Anderson,1,115462,2/14/2025,John Anderson
1166,Michelle,Cross,10,68099,7/17/2024,Michelle Cross
1167,Michelle,Kramer,7,47734,2/14/2021,Michelle Kramer
1168,Brian,Henderson,7,48791,9/22/2024,Brian Henderson
1169,Kathy,Carter,9,92262,09/10/2024,Kathy Carter
1170,Danielle,Bell,9,66943,7/18/2020,Danielle Bell
1171,Frank,Hansen,7,117807,2/20/2023,Frank Hansen
1172,Amber,Taylor,8,103100,11/22/2022,Amber Taylor
1173,Nathan,Smith,9,106208,1/15/2021,Nathan Smith
1174,Michael,Wood,4,85150,12/09/2021,Michael Wood
1175,Ruben,Johnston,2,45318,8/14/2022,Ruben Johnston
1176,Robert,Lara,2,64063,1/18/2022,Robert Lara
1177,Diana,Collins,7,97942,04/05/2022,Diana Collins
1178,Miranda,Cunningham,7,98937,05/08/2025,Miranda Cunningham
1179,Dawn,Day,7,80491,8/28/2020,Dawn Day
1180,Thomas,Williamson,8,85321,02/10/2022,Thomas Williamson
1181,Ryan,Johnson,4,93853,8/14/2023,Ryan Johnson
1182,Jennifer,Barr,1,64815,1/17/2025,Jennifer Barr
1183,Bryan,Nelson,4,55050,12/17/2021,Bryan Nelson
1184,Kimberly,Thomas,7,108607,5/24/2023,Kimberly Thomas
1185,Kelly,Cooke,3,96391,2/21/2025,Kelly Cooke
1186,Daniel,Porter,1,75560,7/15/2024,Daniel Porter
1187,Julie,Burns,6,106472,01/10/2025,Julie Burns
1188,Laura,Scott,9,87246,5/14/2023,Laura Scott
1189,Charles,Carter,4,93947,06/10/2021,Charles Carter
1190,Brian,Fields,10,81659,8/17/2023,Brian Fields
1191,Jose,Patterson,6,88757,03/08/2025,Jose Patterson
1192,Krista,Joseph,4,81413,5/31/2023,Krista Joseph
1193,Emily,Davis,4,95937,9/18/2023,Emily Davis
1194,Christina,Welch,7,110816,06/11/2023,Christina Welch
1195,Michelle,Hansen,7,69825,8/15/2023,Michelle Hansen
1196,Tiffany,Higgins,6,109770,10/08/2022,Tiffany Higgins
1197,Thomas,Jordan,1,67229,9/30/2024,Thomas Jordan
1198,Kayla,Porter,2,70106,10/10/2022,Kayla Porter
1199,Jenna,Mccarthy,10,111336,10/11/2023,Jenna Mccarthy
1200,Elizabeth,Wilkins,7,84359,06/10/2022,Elizabeth Wilkins
1201,Barbara,Fields,10,81033,7/18/2020,Barbara Fields
1202,Jessica,Forbes,6,117010,3/28/2024,Jessica Forbes
1203,Ralph,Thomas,1,53304,2/15/2021,Ralph Thomas
1204,Christine,Rivera,6,95462,04/09/2024,Christine Rivera
1205,Jesus,Chen,3,84238,07/09/2020,Jesus Chen
1206,Alexis,Martin,4,48131,2/16/2022,Alexis Martin
1207,Kendra,Mora,3,98417,01/01/2023,Kendra Mora
1208,Bryan,York,9,48416,02/07/2023,Bryan York
1209,Roberto,Tran,5,51664,4/16/2021,Roberto Tran
1210,Gregory,Peterson,4,55719,05/07/2023,Gregory Peterson
1211,Angela,Malone,7,87010,7/23/2021,Angela Malone
1212,Amy,Lang,7,113155,1/29/2023,Amy Lang
1213,Jason,Pollard,10,51684,5/31/2022,Jason Pollard
1214,Jose,Frazier,4,66534,05/11/2024,Jose Frazier
1215,Michael,Lewis,7,98875,10/14/2022,Michael Lewis
1216,Bruce,Delgado,2,50866,01/05/2022,Bruce Delgado
1217,Nancy,Miller,8,103215,06/01/2020,Nancy Miller
1218,James,Allen,1,99228,10/25/2022,James Allen
1219,Jessica,Rollins,2,70262,8/21/2022,Jessica Rollins
1220,Benjamin,Johnson,1,92274,4/29/2024,Benjamin Johnson
1221,Charles,Jones,1,96366,05/04/2023,Charles Jones
1222,Travis,Rogers,4,74356,7/21/2020,Travis Rogers
1223,Jennifer,Kerr,9,89506,12/24/2020,Jennifer Kerr
1224,James,Morrison,5,100746,4/28/2022,James Morrison
1225,Robert,Martinez,8,60536,6/29/2024,Robert Martinez
1226,Tom,Barrett,8,82465,10/13/2022,Tom Barrett
1227,James,Robertson,8,104931,4/18/2021,James Robertson
1228,Cynthia,Jacobs,1,86055,02/10/2021,Cynthia Jacobs
1229,Frank,Moreno,1,82594,1/27/2024,Frank Moreno
1230,Samuel,Acosta,3,114541,11/17/2022,Samuel Acosta
1231,Andrew,Gillespie,4,68138,9/28/2022,Andrew Gillespie
1232,David,Lara,1,88257,1/15/2025,David Lara
1233,Lance,Lee,3,71932,09/04/2024,Lance Lee
1234,Hannah,Kidd,7,87677,08/01/2021,Hannah Kidd
1235,Joseph,Mann,3,80315,04/12/2022,Joseph Mann
1236,Debra,Rodriguez,6,102705,7/25/2021,Debra Rodriguez
1237,Bryan,Jensen,9,73118,6/23/2020,Bryan Jensen
1238,Taylor,Jensen,1,80171,11/16/2023,Taylor Jensen
1239,Linda,Bennett,4,91749,4/23/2025,Linda Bennett
1240,Tiffany,Dixon,3,68514,10/05/2023,Tiffany Dixon
1241,Lori,Mathis,1,86249,5/31/2022,Lori Mathis
1242,Corey,Jenkins,9,71815,10/25/2021,Corey Jenkins
1243,Scott,Santos,8,78303,09/09/2022,Scott Santos
1244,Alex,Perez,5,79309,2/20/2023,Alex Perez
1245,Mark,Lewis,6,86854,7/19/2020,Mark Lewis
1246,Christopher,Lopez,5,61555,9/20/2023,Christopher Lopez
1247,Kristopher,Cantrell,8,73150,5/31/2022,Kristopher Cantrell
1248,Tamara,Salinas,8,75353,11/16/2022,Tamara Salinas
1249,Amber,Garrett,10,88817,8/13/2020,Amber Garrett
1250,Meghan,Mullins,1,107850,5/26/2022,Meghan Mullins
1251,Michelle,Ramos,2,60625,12/02/2024,Michelle Ramos
1252,John,Guzman,9,104802,09/11/2022,John Guzman
1253,Hunter,Ortiz,4,74434,05/04/2021,Hunter Ortiz
1254,Patrick,Monroe,1,54046,8/13/2021,Patrick Monroe
1255,Carla,Smith,10,114373,6/23/2022,Carla Smith
1256,Kim,Chan,7,73482,11/03/2024,Kim Chan
1257,Heather,Beck,4,56390,9/13/2022,Heather Beck
1258,Laura,Clark,10,109132,04/06/2023,Laura Clark
1259,Andrew,Davis,2,69632,10/31/2022,Andrew Davis
1260,Kelly,Monroe,4,74471,11/11/2022,Kelly Monroe
1261,Lori,Johnson,2,116073,4/23/2025,Lori Johnson
1262,Leslie,Johnson,3,65210,10/16/2022,Leslie Johnson
1263,Alice,Leach,10,50145,10/22/2022,Alice Leach
1264,David,Barton,8,60340,5/27/2020,David Barton
1265,Ashlee,Warner,9,111874,5/14/2020,Ashlee Warner
1266,Luke,Bryan,9,82250,10/23/2024,Luke Bryan
1267,Christine,Vargas,1,64649,10/01/2023,Christine Vargas
1268,Phillip,Green,3,118291,07/12/2023,Phillip Green
1269,Stephanie,Hodge,3,87098,1/23/2022,Stephanie Hodge
1270,Ryan,Boone,4,53909,12/31/2020,Ryan Boone
1271,Ricky,Finley,3,74732,4/23/2023,Ricky Finley
1272,Joshua,Smith,9,45525,6/24/2020,Joshua Smith
1273,David,Brown,6,50070,9/16/2023,David Brown
1274,Kathleen,Barton,3,87723,9/26/2022,Kathleen Barton
1275,Mathew,Morris,1,80137,9/29/2023,Mathew Morris
1276,Daniel,Jenkins,8,62202,12/14/2022,Daniel Jenkins
1277,Ethan,Harris,10,56841,2/25/2023,Ethan Harris
1278,Jared,Flores,8,117431,04/08/2024,Jared Flores
1279,David,Maldonado,1,97674,5/19/2024,David Maldonado
1280,James,Hoffman,8,58567,11/01/2024,James Hoffman
1281,Tony,Ashley,8,48714,10/23/2021,Tony Ashley
1282,Sara,Delgado,7,50632,05/10/2025,Sara Delgado
1283,David,Mitchell,1,110517,06/02/2021,David Mitchell
1284,Carlos,Lopez,9,109626,12/21/2022,Carlos Lopez
1285,Kenneth,Chase,10,52384,02/10/2024,Kenneth Chase
1286,Victoria,Gentry,3,115299,05/03/2024,Victoria Gentry
1287,Ethan,Conner,7,113500,6/21/2024,Ethan Conner
1288,Kimberly,Freeman,2,100491,02/09/2022,Kimberly Freeman
1289,Cindy,Murillo,3,119694,05/04/2022,Cindy Murillo
1290,Tyler,Taylor,5,110715,11/28/2024,Tyler Taylor
1291,Michael,Brown,4,83884,09/04/2021,Michael Brown
1292,Kevin,Gardner,6,104716,4/30/2025,Kevin Gardner
1293,Mary,Rosales,4,57773,4/27/2021,Mary Rosales
1294,Karen,Harmon,9,68632,09/10/2023,Karen Harmon
1295,Brenda,Thompson,8,118738,09/01/2022,Brenda Thompson
1296,Cameron,Munoz,4,64443,12/25/2024,Cameron Munoz
1297,John,Mckenzie,7,57445,4/20/2021,John Mckenzie
1298,Vincent,Walker,9,61697,08/05/2020,Vincent Walker
1299,Mark,Lane,7,91468,02/04/2022,Mark Lane
1300,Kelly,Foster,5,75453,10/27/2021,Kelly Foster
1301,Jacob,Sampson,6,67187,03/07/2022,Jacob Sampson
1302,Craig,Medina,2,111088,02/06/2025,Craig Medina
1303,James,Kim,8,88295,10/27/2023,James Kim
1304,Holly,Moore,10,93630,01/10/2022,Holly Moore
1305,Peggy,Villarreal,5,47883,9/27/2022,Peggy Villarreal
1306,Dana,Walls,1,79557,2/18/2024,Dana Walls
1307,Derrick,Buchanan,1,91352,6/25/2020,Derrick Buchanan
1308,Megan,Khan,9,86273,03/10/2024,Megan Khan
1309,Logan,Harvey,2,105469,4/29/2023,Logan Harvey
1310,Randall,Stewart,5,104467,06/05/2024,Randall Stewart
1311,Melissa,Lara,2,111214,10/25/2024,Melissa Lara
1312,Michelle,Garcia,1,97471,2/16/2022,Michelle Garcia
1313,Richard,Wilson,2,100111,02/10/2021,Richard Wilson
1314,Jacqueline,Marsh,8,79131,06/02/2024,Jacqueline Marsh
1315,Elaine,Grant,7,103848,07/02/2022,Elaine Grant
1316,Laura,Turner,10,108460,03/04/2025,Laura Turner
1317,Carmen,Hanson,6,102434,8/24/2024,Carmen Hanson
1318,Preston,Scott,7,68839,06/07/2024,Preston Scott
1319,David,Austin,6,70957,8/16/2020,David Austin
1320,James,Fisher,1,74965,1/23/2024,James Fisher
1321,Marcus,Wilson,10,76993,4/13/2025,Marcus Wilson
1322,Christopher,Jones,7,97851,10/11/2020,Christopher Jones
1323,Harold,Rios,10,62649,1/18/2023,Harold Rios
1324,Heather,Oneal,5,68227,1/14/2025,Heather Oneal
1325,Jeffrey,Foley,4,81371,9/16/2021,Jeffrey Foley
1326,Victor,Waters,2,86898,8/14/2022,Victor Waters
1327,Jason,Walker,6,85812,10/05/2024,Jason Walker
1328,Natalie,Watson,10,105464,8/26/2022,Natalie Watson
1329,Danielle,Kent,2,65056,9/25/2020,Danielle Kent
1330,Paula,Hill,8,102484,03/08/2022,Paula Hill
1331,Joyce,Carter,2,65792,8/31/2024,Joyce Carter
1332,Carrie,Mercado,8,61224,06/09/2021,Carrie Mercado
1333,Kimberly,Pena,2,84090,04/01/2025,Kimberly Pena
1334,Jeffery,Marquez,10,66314,08/08/2021,Jeffery Marquez
1335,Dakota,Barr,3,53800,12/01/2021,Dakota Barr
1336,Roy,Williams,6,97287,9/26/2021,Roy Williams
1337,Elizabeth,Gomez,2,45520,9/19/2021,Elizabeth Gomez
1338,Charles,Preston,4,95165,6/17/2023,Charles Preston
1339,Dawn,Arellano,2,46269,9/13/2021,Dawn Arellano
1340,Brittany,Francis,9,110222,5/23/2022,Brittany Francis
1341,Michelle,Scott,9,103246,1/23/2024,Michelle Scott
1342,Angela,Jones,2,65259,08/08/2022,Angela Jones
1343,Brandon,Aguilar,10,98511,07/08/2023,Brandon Aguilar
1344,James,Gomez,5,90754,10/06/2020,James Gomez
1345,Jessica,Smith,5,45565,6/21/2024,Jessica Smith
1346,Danielle,Rangel,7,85787,12/11/2021,Danielle Rangel
1347,Rebecca,Dean,2,113568,6/17/2024,Rebecca Dean
1348,William,Simpson,2,82061,11/25/2023,William Simpson
1349,Kenneth,Dillon,3,90040,2/24/2021,Kenneth Dillon
1350,Jessica,Gill,9,79581,01/10/2024,Jessica Gill
1351,Roger,Smith,9,62877,1/16/2022,Roger Smith
1352,Michael,Dawson,2,81527,12/08/2024,Michael Dawson
1353,Brittany,Murphy,5,56472,05/08/2023,Brittany Murphy
1354,Danielle,Pearson,7,99098,07/10/2022,Danielle Pearson
1355,Marco,Johnson,7,50435,12/31/2022,Marco Johnson
1356,Amanda,Williams,6,50552,8/18/2024,Amanda Williams
1357,Miguel,Pitts,7,101027,2/25/2022,Miguel Pitts
1358,Beth,Andersen,4,99929,07/04/2023,Beth Andersen
1359,Isaiah,Taylor,2,94654,09/06/2020,Isaiah Taylor
1360,Christopher,Beard,6,77897,08/02/2020,Christopher Beard
1361,Jessica,Carlson,10,98928,09/03/2022,Jessica Carlson
1362,Rachel,Steele,10,80323,08/05/2022,Rachel Steele
1363,Daniel,Spencer,1,66350,02/01/2024,Daniel Spencer
1364,Andrew,Lawson,1,117238,7/31/2021,Andrew Lawson
1365,James,Jennings,7,99217,12/23/2024,James Jennings
1366,Shelly,Vega,9,67027,7/28/2022,Shelly Vega
1367,Andrew,Fowler,3,62873,07/02/2024,Andrew Fowler
1368,Joann,Gonzalez,8,49248,3/22/2023,Joann Gonzalez
1369,Tonya,Gibbs,7,47908,12/30/2023,Tonya Gibbs
1370,Rhonda,Shaw,3,115315,03/12/2022,Rhonda Shaw
1371,Sara,Garrison,5,48118,01/12/2025,Sara Garrison
1372,Harold,Ramirez,8,94782,02/04/2023,Harold Ramirez
1373,Richard,Townsend,7,119365,3/20/2022,Richard Townsend
1374,Marilyn,Mendoza,4,119169,4/30/2021,Marilyn Mendoza
1375,Monique,Smith,7,47416,10/27/2024,Monique Smith
1376,Anna,Decker,6,67281,04/12/2025,Anna Decker
1377,Chloe,Irwin,2,110695,8/14/2023,Chloe Irwin
1378,Michaela,Brady,1,63690,3/30/2023,Michaela Brady
1379,Steven,Carter,7,92027,09/07/2021,Steven Carter
1380,Bobby,Thomas,5,98839,07/04/2020,Bobby Thomas
1381,Michelle,Kirk,2,106173,10/07/2023,Michelle Kirk
1382,Gabriel,Hill,4,78961,5/18/2021,Gabriel Hill
1383,Billy,Hernandez,8,89970,06/12/2024,Billy Hernandez
1384,Donald,Mendoza,2,119010,10/07/2022,Donald Mendoza
1385,Melissa,Johnson,10,55182,3/28/2023,Melissa Johnson
1386,Daniel,Foley,2,101009,3/17/2025,Daniel Foley
1387,Cesar,Mitchell,7,52213,6/23/2023,Cesar Mitchell
1388,Jacqueline,Lynch,10,117703,09/10/2023,Jacqueline Lynch
1389,Bradley,Martin,10,87406,08/06/2020,Bradley Martin
1390,Cassandra,Woodard,8,102070,09/04/2024,Cassandra Woodard
1391,Rebecca,Carter,8,69158,01/06/2025,Rebecca Carter
1392,Jennifer,Snyder,6,77100,4/15/2022,Jennifer Snyder
1393,Michelle,Lynch,5,70578,8/22/2021,Michelle Lynch
1394,Justin,Delgado,6,105325,01/05/2022,Justin Delgado
1395,Marcus,Alexander,7,45784,04/05/2021,Marcus Alexander
1396,Tyler,Mason,2,112810,05/07/2024,Tyler Mason
1397,Michael,Arias,3,88838,4/17/2025,Michael Arias
1398,Matthew,Price,1,85719,4/22/2022,Matthew Price
1399,Debra,Blake,3,109060,11/03/2024,Debra Blake
1400,Tony,Huber,1,74136,8/28/2022,Tony Huber
1401,Taylor,Thompson,1,50951,9/25/2022,Taylor Thompson
1402,Teresa,Johnson,2,104080,08/02/2022,Teresa Johnson
1403,Barbara,Hayes,7,106554,2/17/2022,Barbara Hayes
1404,Lauren,Hale,10,92738,07/05/2024,Lauren Hale
1405,Brian,Fritz,4,64950,03/10/2021,Brian Fritz
1406,Heather,Robinson,5,107335,1/18/2021,Heather Robinson
1407,William,Evans,4,60174,11/21/2020,William Evans
1408,Christopher,Jackson,3,55476,12/27/2020,Christopher Jackson
1409,Sarah,Townsend,1,50926,6/29/2023,Sarah Townsend
1410,Justin,Lee,9,63656,4/27/2022,Justin Lee
1411,Anthony,Sanders,4,70918,10/01/2024,Anthony Sanders
1412,Dale,Smith,4,118474,10/26/2021,Dale Smith
1413,Shelia,Curtis,9,75580,7/31/2023,Shelia Curtis
1414,Jennifer,Odonnell,2,115442,10/06/2021,Jennifer Odonnell
1415,Douglas,Frank,8,81756,11/19/2020,Douglas Frank
1416,Diane,Lopez,1,119094,5/15/2024,Diane Lopez
1417,Jennifer,Rogers,6,70083,5/31/2020,Jennifer Rogers
1418,Jeffrey,Anderson,3,67908,10/17/2024,Jeffrey Anderson
1419,William,Welch,5,67340,3/31/2025,William Welch
1420,Kimberly,Terrell,5,67186,8/19/2022,Kimberly Terrell
1421,Heather,Jones,9,75671,9/15/2023,Heather Jones
1422,Nathan,Harris,7,112075,12/07/2023,Nathan Harris
1423,Miranda,Barber,8,59886,6/23/2020,Miranda Barber
1424,Benjamin,Watson,1,116386,5/30/2022,Benjamin Watson
1425,Laura,Jackson,2,106629,10/08/2022,Laura Jackson
1426,Marcus,Rivera,1,87154,02/12/2023,Marcus Rivera
1427,Rodney,Jones,1,88954,1/15/2025,Rodney Jones
1428,Laura,Morris,9,112712,4/20/2025,Laura Morris
1429,Michelle,Dickson,10,46689,03/07/2021,Michelle Dickson
1430,Andrew,Martinez,10,75591,8/22/2020,Andrew Martinez
1431,Timothy,Vega,3,116343,6/23/2021,Timothy Vega
1432,Cynthia,Alexander,1,48439,10/11/2023,Cynthia Alexander
1433,Ashley,Thomas,10,83591,3/26/2022,Ashley Thomas
1434,Lindsay,Scott,9,65833,03/03/2024,Lindsay Scott
1435,Megan,Garcia,10,62951,06/12/2022,Megan Garcia
1436,Savannah,Cooper,2,56914,09/07/2022,Savannah Cooper
1437,Alexis,Mendoza,2,94055,5/15/2020,Alexis Mendoza
1438,Amy,Ross,9,79977,10/01/2022,Amy Ross
1439,Kiara,Nixon,5,79467,5/20/2023,Kiara Nixon
1440,Rebecca,Reed,6,91329,11/05/2020,Rebecca Reed
1441,John,Wong,6,71848,4/23/2025,John Wong
1442,Kimberly,Gonzales,4,106356,05/07/2023,Kimberly Gonzales
1443,Patrick,Soto,5,76947,06/04/2021,Patrick Soto
1444,Timothy,Shaw,5,91654,11/26/2024,Timothy Shaw
1445,Matthew,Flores,9,48449,1/24/2024,Matthew Flores
1446,Mary,Martinez,2,103575,8/16/2021,Mary Martinez
1447,Maria,Gutierrez,2,119244,12/26/2024,Maria Gutierrez
1448,Kayla,Hanson,5,78314,04/08/2022,Kayla Hanson
1449,Andrew,Rowe,10,89523,11/03/2023,Andrew Rowe
1450,Dale,Powell,10,73447,09/08/2022,Dale Powell
1451,Daniel,Bailey,4,61741,1/28/2025,Daniel Bailey
1452,Donna,Henderson,1,48406,06/02/2021,Donna Henderson
1453,Kathleen,Nelson,1,78440,09/10/2023,Kathleen Nelson
1454,Jennifer,James,7,95377,03/05/2025,Jennifer James
1455,Lauren,Delacruz,8,67867,2/27/2022,Lauren Delacruz
1456,Steven,Harrison,6,89148,10/27/2021,Steven Harrison
1457,James,Winters,8,108454,07/12/2022,James Winters
1458,Tracy,Hancock,4,75953,05/10/2022,Tracy Hancock
1459,Steven,Smith,1,83820,3/23/2024,Steven Smith
1460,Leonard,Thomas,2,77110,4/20/2022,Leonard Thomas
1461,Dustin,Spencer,4,118856,12/11/2021,Dustin Spencer
1462,Joann,Mitchell,9,106620,5/23/2020,Joann Mitchell
1463,Robert,Brown,6,58343,6/28/2023,Robert Brown
1464,Heather,Mcdonald,7,87856,12/20/2022,Heather Mcdonald
1465,Lisa,Thomas,7,82905,5/13/2024,Lisa Thomas
1466,Justin,Gonzales,2,97954,10/04/2020,Justin Gonzales
1467,Angela,Todd,10,115092,12/10/2021,Angela Todd
1468,David,Edwards,7,48703,1/25/2024,David Edwards
1469,Lori,Gilbert,1,72847,06/05/2020,Lori Gilbert
1470,Tracy,Cabrera,3,53964,12/25/2021,Tracy Cabrera
1471,Tyler,Snow,5,98341,6/18/2023,Tyler Snow
1472,Rebecca,Faulkner,2,112564,3/15/2025,Rebecca Faulkner
1473,Jennifer,Hall,8,66464,2/19/2024,Jennifer Hall
1474,Sherry,Arias,9,97344,3/14/2024,Sherry Arias
1475,Matthew,Patel,2,107010,11/14/2024,Matthew Patel
1476,Shannon,Simon,10,100537,12/01/2022,Shannon Simon
1477,Dennis,Cortez,10,109047,6/23/2024,Dennis Cortez
1478,Vanessa,Bennett,10,88241,10/05/2020,Vanessa Bennett
1479,Jacob,Douglas,8,68099,9/22/2021,Jacob Douglas
1480,Brian,Hughes,1,75809,1/18/2023,Brian Hughes
1481,Samantha,Garcia,10,49027,10/22/2021,Samantha Garcia
1482,Christopher,Johnson,9,54177,8/27/2020,Christopher Johnson
1483,Tina,Chapman,5,84525,4/13/2021,Tina Chapman
1484,Laura,Hicks,4,46221,04/06/2025,Laura Hicks
1485,Anna,Rodriguez,1,116056,06/08/2024,Anna Rodriguez
1486,Rebecca,Romero,5,119395,08/06/2022,Rebecca Romero
1487,Taylor,Quinn,1,114197,1/21/2024,Taylor Quinn
1488,Michelle,Kim,6,101379,1/21/2022,Michelle Kim
1489,Sharon,Moore,10,110003,2/28/2025,Sharon Moore
1490,Nicole,Torres,1,60698,6/23/2023,Nicole Torres
1491,Michael,Thompson,2,64323,11/19/2024,Michael Thompson
1492,William,Wolf,1,76120,02/04/2023,William Wolf
1493,Adam,Clarke,5,111367,12/15/2020,Adam Clarke
1494,Kimberly,Holmes,3,85838,3/23/2022,Kimberly Holmes
1495,Joshua,Carter,1,81830,02/09/2024,Joshua Carter
1496,Jennifer,Rhodes,3,53354,12/25/2021,Jennifer Rhodes
1497,Sandra,Butler,4,96577,7/21/2024,Sandra Butler
1498,Amanda,Ingram,6,69304,10/24/2022,Amanda Ingram
1499,Miranda,Watson,9,95315,8/29/2022,Miranda Watson
1500,Shawn,Castro,8,51871,8/30/2021,Shawn Castro
1501,Maurice,Cook,5,109836,10/09/2023,Maurice Cook
1502,Keith,Ross,9,52154,10/31/2024,Keith Ross
1503,Ashley,Rodriguez,3,60430,3/17/2023,Ashley Rodriguez
1504,Adam,Miranda,2,45228,06/01/2023,Adam Miranda
1505,Hannah,Smith,4,86461,4/15/2025,Hannah Smith
1506,Richard,Smith,7,47380,2/23/2024,Richard Smith
1507,John,Taylor,7,73367,11/07/2021,John Taylor
1508,Lauren,Smith,6,75044,7/16/2020,Lauren Smith
1509,Steven,Robinson,7,76966,11/19/2021,Steven Robinson
1510,Jo,Turner,6,95469,6/27/2022,Jo Turner
1511,Sara,Drake,8,106598,10/07/2022,Sara Drake
1512,Lori,Holden,2,74762,4/25/2024,Lori Holden
1513,Lisa,Smith,2,77123,2/22/2024,Lisa Smith
1514,Jessica,Bishop,1,100099,9/14/2022,Jessica Bishop
1515,Megan,Sanders,1,50421,4/17/2022,Megan Sanders
1516,Carla,Love,5,73287,7/26/2022,Carla Love
1517,Stanley,Terry,5,80813,8/24/2024,Stanley Terry
1518,Jeffrey,Montes,6,90225,10/20/2022,Jeffrey Montes
1519,Timothy,Waters,10,108874,9/13/2022,Timothy Waters
1520,Derrick,Benson,6,52567,02/09/2022,Derrick Benson
1521,Jacob,Collier,4,59639,08/04/2023,Jacob Collier
1522,Tina,Thomas,9,114140,12/27/2024,Tina Thomas
1523,Kevin,Graves,5,56667,04/10/2025,Kevin Graves
1524,Patricia,Patrick,1,78518,1/23/2024,Patricia Patrick
1525,Danny,Potter,8,78684,10/03/2024,Danny Potter
1526,Nathan,Campbell,7,88597,9/28/2024,Nathan Campbell
1527,Denise,Walsh,7,114842,2/15/2024,Denise Walsh
1528,Richard,Weiss,2,73536,07/01/2021,Richard Weiss
1529,Jennifer,Thompson,9,60029,01/11/2025,Jennifer Thompson
1530,Ronnie,Williams,2,117509,06/03/2020,Ronnie Williams
1531,Rachel,Malone,2,57932,01/08/2024,Rachel Malone
1532,Lisa,Davis,5,79528,08/02/2022,Lisa Davis
1533,Stacey,Johnson,6,112408,1/16/2024,Stacey Johnson
1534,Linda,Thompson,2,78606,6/24/2020,Linda Thompson
1535,Michelle,Marshall,8,104539,01/05/2024,Michelle Marshall
1536,Gina,Flores,9,65832,07/02/2024,Gina Flores
1537,Holly,Ross,4,101269,09/03/2022,Holly Ross
1538,Katie,Wolf,10,100505,12/25/2021,Katie Wolf
1539,Kathleen,Wood,7,55926,02/04/2023,Kathleen Wood
1540,Nancy,Rodriguez,7,48414,06/11/2021,Nancy Rodriguez
1541,Seth,Choi,2,77290,12/25/2023,Seth Choi
1542,Roger,Gross,6,84194,4/18/2025,Roger Gross
1543,William,Harvey,4,76367,3/20/2022,William Harvey
1544,Trevor,Hudson,5,91535,6/25/2022,Trevor Hudson
1545,Stephanie,Rice,9,88704,9/24/2020,Stephanie Rice
1546,William,Hendrix,9,60190,09/04/2022,William Hendrix
1547,William,Franco,2,96528,7/24/2021,William Franco
1548,Candice,Nicholson,6,91069,4/14/2023,Candice Nicholson
1549,Timothy,Flowers,4,73920,02/06/2023,Timothy Flowers
1550,Madison,Cochran,6,117429,11/26/2021,Madison Cochran
1551,Nicholas,Mitchell,9,45154,11/29/2021,Nicholas Mitchell
1552,Lisa,Black,10,106949,6/13/2020,Lisa Black
1553,Kristi,Douglas,6,90433,3/30/2024,Kristi Douglas
1554,Jordan,Webb,4,113491,6/16/2024,Jordan Webb
1555,Cynthia,Foster,5,54121,4/20/2021,Cynthia Foster
1556,Martin,Wang,10,111801,3/16/2021,Martin Wang
1557,Phillip,Hunter,4,53868,8/28/2020,Phillip Hunter
1558,Bryan,Evans,3,47506,4/27/2022,Bryan Evans
1559,Shannon,Marsh,7,54383,7/16/2022,Shannon Marsh
1560,David,Morgan,6,47630,09/04/2024,David Morgan
1561,Sharon,Peterson,5,74266,10/18/2021,Sharon Peterson
1562,Kurt,Johnson,10,116413,12/19/2021,Kurt Johnson
1563,Christopher,Valdez,8,65773,09/04/2022,Christopher Valdez
1564,Richard,Dunn,8,74443,04/03/2025,Richard Dunn
1565,Lori,Brown,6,91034,9/27/2022,Lori Brown
1566,Michael,Wright,7,84482,8/19/2020,Michael Wright
1567,Monica,Osborne,4,93203,5/23/2024,Monica Osborne
1568,Miguel,Gordon,4,85195,11/23/2022,Miguel Gordon
1569,Erin,Dillon,1,109461,10/02/2022,Erin Dillon
1570,Zachary,Perez,4,50119,4/19/2023,Zachary Perez
1571,Chad,Reeves,8,65748,5/27/2021,Chad Reeves
1572,Howard,Rodgers,9,97375,1/24/2021,Howard Rodgers
1573,Angela,Andrade,2,67963,1/30/2022,Angela Andrade
1574,Dustin,Merritt,3,47752,5/31/2020,Dustin Merritt
1575,Shannon,Foster,1,87465,11/19/2024,Shannon Foster
1576,Andrew,Shaffer,3,52577,04/11/2021,Andrew Shaffer
1577,Brad,Kane,2,106527,09/08/2023,Brad Kane
1578,Ashley,Velasquez,2,92182,08/06/2024,Ashley Velasquez
1579,Richard,Gomez,6,62925,1/26/2021,Richard Gomez
1580,William,Ford,3,107518,4/17/2024,William Ford
1581,Lisa,Reid,1,82282,01/11/2023,Lisa Reid
1582,Lisa,Cannon,10,105982,7/15/2021,Lisa Cannon
1583,Patrick,Scott,5,71041,06/10/2024,Patrick Scott
1584,Ashley,Turner,8,86785,01/06/2023,Ashley Turner
1585,Alan,Reed,1,89551,06/07/2020,Alan Reed
1586,Jessica,Mercer,7,62676,3/17/2025,Jessica Mercer
1587,Sandra,Sullivan,9,85140,8/16/2024,Sandra Sullivan
1588,Jessica,Bernard,10,59517,10/13/2022,Jessica Bernard
1589,Jessica,White,3,73043,12/01/2021,Jessica White
1590,Colin,Young,7,112476,11/08/2023,Colin Young
1591,Kristin,Lopez,10,64491,02/09/2022,Kristin Lopez
1592,Anthony,Hanson,1,108167,11/03/2023,Anthony Hanson
1593,David,Benson,2,95319,1/16/2022,David Benson
1594,James,James,5,62308,7/25/2023,James James
1595,Brian,Fitzpatrick,8,73662,2/22/2025,Brian Fitzpatrick
1596,James,Ellis,7,46581,10/27/2021,James Ellis
1597,Justin,Nguyen,6,60169,7/19/2024,Justin Nguyen
1598,Matthew,Reynolds,5,80887,10/03/2023,Matthew Reynolds
1599,David,Moses,7,59583,3/13/2025,David Moses
1600,Meredith,Santiago,2,71089,12/21/2020,Meredith Santiago
1601,Traci,Galvan,4,81849,10/23/2021,Traci Galvan
1602,Leah,Brown,10,58755,12/28/2020,Leah Brown
1603,Catherine,Whitehead,2,95128,8/18/2024,Catherine Whitehead
1604,Tommy,Henderson,6,93254,03/09/2025,Tommy Henderson
1605,Katie,Cole,1,66189,11/16/2023,Katie Cole
1606,Jessica,Ferguson,4,64261,11/24/2021,Jessica Ferguson
1607,Emily,Martinez,10,116277,6/29/2021,Emily Martinez
1608,Christopher,Ward,4,101427,06/04/2024,Christopher Ward
1609,Craig,Marquez,10,92350,12/02/2021,Craig Marquez
1610,Mathew,Price,6,97361,11/11/2021,Mathew Price
1611,Douglas,Miller,5,59200,3/18/2022,Douglas Miller
1612,Kendra,Whitehead,1,100093,10/24/2023,Kendra Whitehead
1613,Brianna,Jackson,4,77928,02/12/2023,Brianna Jackson
1614,Dennis,Fowler,2,60436,1/27/2021,Dennis Fowler
1615,Dennis,Clark,3,99586,5/19/2020,Dennis Clark
1616,Michael,Odom,2,114185,6/18/2023,Michael Odom
1617,Holly,Powell,5,55520,7/26/2020,Holly Powell
1618,Katie,Hampton,5,106841,1/21/2025,Katie Hampton
1619,Mary,Mcdaniel,1,109833,8/19/2021,Mary Mcdaniel
1620,Brandon,Green,7,83959,4/26/2025,Brandon Green
1621,Meghan,Werner,3,47166,5/21/2024,Meghan Werner
1622,Bianca,Morgan,3,87941,5/28/2024,Bianca Morgan
1623,Christopher,Maldonado,9,87685,4/16/2022,Christopher Maldonado
1624,Sarah,Stevens,7,77070,6/23/2021,Sarah Stevens
1625,Jason,Chandler,3,84896,6/18/2020,Jason Chandler
1626,Cameron,Thompson,7,107102,7/21/2022,Cameron Thompson
1627,Sergio,Fuller,6,100988,10/05/2021,Sergio Fuller
1628,Shannon,Morrison,4,55186,11/28/2023,Shannon Morrison
1629,Deborah,Luna,7,79578,08/02/2024,Deborah Luna
1630,Courtney,Green,9,76765,12/05/2024,Courtney Green
1631,Jesse,Hernandez,9,79938,7/18/2023,Jesse Hernandez
1632,James,Williams,2,77966,10/25/2020,James Williams
1633,Julie,Curtis,3,104692,12/27/2024,Julie Curtis
1634,Steven,Ryan,1,57442,11/01/2021,Steven Ryan
1635,Jennifer,Robbins,5,99483,3/29/2023,Jennifer Robbins
1636,Christian,Thomas,6,45875,6/15/2020,Christian Thomas
1637,Elizabeth,Wu,7,50669,3/27/2025,Elizabeth Wu
1638,Deanna,Perez,3,70057,8/14/2021,Deanna Perez
1639,Sarah,Gibson,7,77962,5/30/2024,Sarah Gibson
1640,Jennifer,Lyons,4,107531,07/04/2023,Jennifer Lyons
1641,Donald,Faulkner,7,77832,2/29/2024,Donald Faulkner
1642,Martin,Blair,6,78376,7/21/2023,Martin Blair
1643,Kristen,Chung,6,59110,5/21/2023,Kristen Chung
1644,Jon,Green,4,90534,11/03/2021,Jon Green
1645,Zachary,Conway,4,45371,12/24/2024,Zachary Conway
1646,Gabriella,Beard,10,108079,07/12/2024,Gabriella Beard
1647,Monica,Fields,1,47535,05/06/2021,Monica Fields
1648,Charles,Hernandez,6,103179,02/02/2022,Charles Hernandez
1649,Erin,Olson,3,80955,4/23/2021,Erin Olson
1650,Lori,Moreno,9,95601,7/29/2022,Lori Moreno
1651,Sarah,Coleman,4,88760,12/22/2020,Sarah Coleman
1652,Lindsey,Mcknight,6,116395,1/25/2024,Lindsey Mcknight
1653,Nicholas,Huynh,9,84363,5/22/2022,Nicholas Huynh
1654,Erica,Gregory,10,48268,9/14/2022,Erica Gregory
1655,Elizabeth,Hall,9,60258,12/28/2020,Elizabeth Hall
1656,Paul,Mcguire,10,67023,06/11/2023,Paul Mcguire
1657,Victor,Phillips,1,93452,10/10/2020,Victor Phillips
1658,Elizabeth,Ortega,1,69084,02/07/2021,Elizabeth Ortega
1659,Anita,Baker,10,56977,1/21/2023,Anita Baker
1660,William,Butler,1,55172,7/25/2022,William Butler
1661,David,Mahoney,3,51055,10/10/2022,David Mahoney
1662,Frank,Lee,4,76359,10/03/2024,Frank Lee
1663,Elizabeth,Warren,7,96395,1/30/2022,Elizabeth Warren
1664,Stephanie,Anderson,9,61420,12/02/2024,Stephanie Anderson
1665,Samantha,Shaw,2,113302,4/19/2021,Samantha Shaw
1666,Raymond,Pham,4,53932,6/16/2023,Raymond Pham
1667,April,Thomas,3,62193,7/27/2024,April Thomas
1668,Shelia,Jacobs,10,59799,08/09/2023,Shelia Jacobs
1669,Charles,Liu,9,75020,2/25/2023,Charles Liu
1670,Collin,Brown,7,58030,01/08/2025,Collin Brown
1671,Geoffrey,Bean,8,48936,6/23/2024,Geoffrey Bean
1672,Brian,Henderson,6,66043,8/21/2021,Brian Henderson
1673,Raymond,Hodge,10,68154,5/15/2021,Raymond Hodge
1674,Harold,Martinez,3,65484,3/14/2022,Harold Martinez
1675,Kevin,Walker,5,110633,11/26/2024,Kevin Walker
1676,Emily,Bass,8,114600,8/20/2024,Emily Bass
1677,Tyler,Long,4,59569,8/19/2022,Tyler Long
1678,Bryan,Bowers,9,53993,5/16/2023,Bryan Bowers
1679,David,Miranda,2,56114,6/29/2022,David Miranda
1680,Heidi,Smith,8,51879,7/30/2021,Heidi Smith
1681,Kenneth,Taylor,3,76942,11/06/2024,Kenneth Taylor
1682,Kenneth,Jackson,8,95596,8/23/2020,Kenneth Jackson
1683,Jose,Harrison,10,59581,03/07/2023,Jose Harrison
1684,Mandy,Green,5,79865,12/10/2022,Mandy Green
1685,Malik,Webb,9,114817,9/23/2024,Malik Webb
1686,Kimberly,Higgins,8,94187,11/14/2021,Kimberly Higgins
1687,Kevin,Estrada,10,117520,04/02/2023,Kevin Estrada
1688,David,Wallace,3,74227,12/21/2020,David Wallace
1689,Donald,Harvey,8,47206,07/10/2021,Donald Harvey
1690,Samantha,Livingston,3,104766,10/14/2021,Samantha Livingston
1691,Jeffrey,Berg,8,68041,3/24/2024,Jeffrey Berg
1692,Lisa,Mcdowell,7,77967,8/22/2020,Lisa Mcdowell
1693,Brittney,Martin,4,104968,04/11/2024,Brittney Martin
1694,Tiffany,Ramirez,9,114939,9/15/2024,Tiffany Ramirez
1695,Robert,Mitchell,5,103882,3/14/2021,Robert Mitchell
1696,Cameron,Johnson,9,92029,8/21/2024,Cameron Johnson
1697,Lauren,Hayes,5,49279,3/17/2022,Lauren Hayes
1698,Shawn,Johnson,2,75814,05/03/2023,Shawn Johnson
1699,Justin,Williams,10,65389,11/25/2022,Justin Williams
1700,Brent,Pearson,4,71419,1/21/2021,Brent Pearson
1701,Cody,Johnson,2,101162,7/22/2021,Cody Johnson
1702,Laurie,Atkinson,10,55909,3/26/2021,Laurie Atkinson
1703,Anna,Lowe,7,51678,12/25/2022,Anna Lowe
1704,Sandra,Johnson,4,75028,2/27/2021,Sandra Johnson
1705,Nancy,Hale,6,104653,10/23/2020,Nancy Hale
1706,Rhonda,Harrell,7,112597,08/12/2024,Rhonda Harrell
1707,Emily,Holland,1,50522,07/02/2024,Emily Holland
1708,Anthony,Gutierrez,8,92065,6/15/2021,Anthony Gutierrez
1709,Brittany,Macias,7,100062,5/28/2020,Brittany Macias
1710,Melissa,Levy,7,50361,10/09/2020,Melissa Levy
1711,James,Price,8,94639,04/05/2024,James Price
1712,Alexa,Meyer,8,56116,7/25/2023,Alexa Meyer
1713,Alexis,Esparza,1,50326,7/15/2022,Alexis Esparza
1714,Curtis,Jones,7,55117,12/08/2022,Curtis Jones
1715,Adrienne,Moore,1,93879,03/03/2023,Adrienne Moore
1716,Teresa,Graham,10,84998,10/23/2020,Teresa Graham
1717,Marissa,Sullivan,4,81279,12/07/2022,Marissa Sullivan
1718,Carla,Odom,8,69520,5/28/2023,Carla Odom
1719,Jason,Shannon,5,66993,1/21/2024,Jason Shannon
1720,Jennifer,Garrison,7,75341,6/21/2023,Jennifer Garrison
1721,Alexis,Harris,5,62051,01/01/2024,Alexis Harris
1722,Danielle,Dickson,2,112903,11/13/2021,Danielle Dickson
1723,Claudia,Greene,1,56810,12/02/2024,Claudia Greene
1724,Elizabeth,Walters,10,115669,03/02/2021,Elizabeth Walters
1725,Melanie,Ayala,1,86511,01/06/2022,Melanie Ayala
1726,Dana,Franklin,3,114644,8/26/2021,Dana Franklin
1727,Timothy,Daniels,3,78930,03/05/2024,Timothy Daniels
1728,Joseph,Martinez,8,90701,08/06/2020,Joseph Martinez
1729,Gary,Li,8,50991,06/03/2020,Gary Li
1730,Alyssa,West,8,119969,8/13/2021,Alyssa West
1731,Angelica,Phillips,4,107179,05/02/2025,Angelica Phillips
1732,Tracy,Knight,1,89033,10/01/2024,Tracy Knight
1733,Alexander,Martin,4,104777,02/06/2022,Alexander Martin
1734,Brandon,Carson,1,110401,1/29/2022,Brandon Carson
1735,Jennifer,Dyer,6,66282,09/05/2023,Jennifer Dyer
1736,Mariah,Kidd,7,70408,4/14/2023,Mariah Kidd
1737,Michael,Harris,4,87952,6/20/2024,Michael Harris
1738,Jason,Small,1,81043,6/26/2024,Jason Small
1739,Shelley,Davis,2,53201,10/04/2020,Shelley Davis
1740,Mary,Frazier,6,61659,6/22/2021,Mary Frazier
1741,Lee,May,3,50095,9/25/2022,Lee May
1742,Bradley,Perry,9,46937,03/11/2023,Bradley Perry
1743,Christopher,Klein,2,115091,11/06/2021,Christopher Klein
1744,Jenna,Warner,5,69137,12/29/2021,Jenna Warner
1745,Roy,Weber,6,104205,11/22/2020,Roy Weber
1746,Karen,Castaneda,7,102272,10/21/2024,Karen Castaneda
1747,Douglas,Roberts,8,71839,07/02/2021,Douglas Roberts
1748,Ashlee,Lane,3,54227,5/15/2024,Ashlee Lane
1749,Eric,Lopez,1,114858,11/15/2021,Eric Lopez
1750,Lawrence,Brown,4,89865,09/08/2022,Lawrence Brown
1751,Jose,Baker,4,70383,10/24/2021,Jose Baker
1752,Anita,Woods,6,98188,06/10/2021,Anita Woods
1753,Jennifer,Dixon,10,85446,10/28/2024,Jennifer Dixon
1754,Jason,Miller,7,107100,08/06/2021,Jason Miller
1755,Chris,Becker,1,116265,10/06/2020,Chris Becker
1756,Kaitlyn,Mcclain,3,54236,10/12/2023,Kaitlyn Mcclain
1757,Justin,Jefferson,8,73683,1/17/2025,Justin Jefferson
1758,Matthew,Mendoza,5,70309,12/06/2023,Matthew Mendoza
1759,James,Rivers,6,46014,2/13/2022,James Rivers
1760,Michelle,Martin,2,46309,11/07/2022,Michelle Martin
1761,Steven,Weiss,1,82208,12/30/2020,Steven Weiss
1762,Edward,Goodman,2,91215,12/08/2023,Edward Goodman
1763,Melissa,Rivera,2,92282,01/12/2024,Melissa Rivera
1764,Alexander,Curtis,2,105624,01/05/2022,Alexander Curtis
1765,James,Shepard,2,104026,08/03/2022,James Shepard
1766,Elizabeth,Schultz,8,47035,1/22/2023,Elizabeth Schultz
1767,David,Anderson,2,73065,3/22/2023,David Anderson
1768,Cole,Combs,6,105019,5/22/2022,Cole Combs
1769,Luke,Howard,4,46632,5/14/2024,Luke Howard
1770,Timothy,Mcdonald,1,70521,10/18/2020,Timothy Mcdonald
1771,Melvin,Dixon,7,119340,11/01/2022,Melvin Dixon
1772,Denise,Montgomery,2,74445,8/17/2022,Denise Montgomery
1773,Kathryn,Moses,2,51511,4/21/2024,Kathryn Moses
1774,Christopher,Gibson,5,82303,03/12/2021,Christopher Gibson
1775,Travis,Reed,6,71965,8/31/2021,Travis Reed
1776,Brian,Benson,3,52410,12/22/2024,Brian Benson
1777,Thomas,Allen,3,115214,10/11/2020,Thomas Allen
1778,Ryan,Murphy,9,84448,7/27/2020,Ryan Murphy
1779,Maurice,Mack,3,113370,2/26/2022,Maurice Mack
1780,Amanda,Hernandez,4,60901,9/27/2021,Amanda Hernandez
1781,Jesse,Walls,1,115061,2/14/2022,Jesse Walls
1782,Laura,Burns,10,61264,04/09/2025,Laura Burns
1783,Steven,Murray,1,104012,4/20/2022,Steven Murray
1784,Samuel,Hess,1,82606,6/28/2021,Samuel Hess
1785,Michael,Garcia,6,83176,9/20/2024,Michael Garcia
1786,Gordon,Fuentes,2,82391,9/22/2021,Gordon Fuentes
1787,Stephanie,Carpenter,3,96237,12/23/2021,Stephanie Carpenter
1788,David,Gomez,2,72141,10/06/2021,David Gomez
1789,Brian,Moore,10,81585,02/08/2025,Brian Moore
1790,Ryan,Martinez,9,91468,5/24/2021,Ryan Martinez
1791,Kristina,Lawrence,8,102412,08/05/2020,Kristina Lawrence
1792,Kelly,Pearson,2,87939,12/03/2022,Kelly Pearson
1793,Shannon,Moore,4,60128,04/09/2025,Shannon Moore
1794,Maurice,Jimenez,6,82222,11/30/2021,Maurice Jimenez
1795,Melvin,Banks,1,69396,04/04/2023,Melvin Banks
1796,Martin,Horn,5,103895,10/06/2020,Martin Horn
1797,Joy,Barber,5,96031,9/20/2024,Joy Barber
1798,Tina,Roach,4,65094,2/28/2022,Tina Roach
1799,Elizabeth,Cook,1,107179,02/11/2023,Elizabeth Cook
1800,Robert,Nichols,4,48841,07/09/2022,Robert Nichols
1801,Andrew,Williams,1,55459,3/13/2025,Andrew Williams
1802,Jessica,Lane,3,101772,3/30/2023,Jessica Lane
1803,Derek,Simmons,2,54141,07/01/2020,Derek Simmons
1804,William,Salas,7,76658,12/02/2023,William Salas
1805,Andrew,Martinez,8,111194,04/03/2025,Andrew Martinez
1806,Antonio,Hampton,6,116591,05/06/2022,Antonio Hampton
1807,Amanda,Long,9,51870,3/28/2025,Amanda Long
1808,Sandra,Sanchez,1,65407,01/01/2023,Sandra Sanchez
1809,Alicia,Humphrey,3,57668,08/03/2022,Alicia Humphrey
1810,James,Howard,8,63870,11/11/2020,James Howard
1811,Brenda,Weber,5,111967,2/26/2021,Brenda Weber
1812,Cynthia,Heath,9,105622,3/17/2025,Cynthia Heath
1813,Rebecca,West,2,85569,8/15/2023,Rebecca West
1814,Hunter,Li,1,72968,11/07/2024,Hunter Li
1815,Robert,Mcneil,9,53669,07/10/2022,Robert Mcneil
1816,Mary,Jimenez,9,51101,6/26/2020,Mary Jimenez
1817,William,Saunders,5,98872,09/11/2022,William Saunders
1818,John,Dorsey,6,71629,11/13/2023,John Dorsey
1819,Janice,Jones,10,60170,05/08/2023,Janice Jones
1820,Richard,Smith,1,69251,4/28/2023,Richard Smith
1821,Tim,Hale,10,109164,8/22/2024,Tim Hale
1822,Mary,Mullins,5,84806,10/10/2023,Mary Mullins
1823,Wanda,Mcdonald,1,75251,11/30/2023,Wanda Mcdonald
1824,Darren,Mcdonald,2,52784,02/10/2024,Darren Mcdonald
1825,Sharon,Salazar,8,111466,9/23/2022,Sharon Salazar
1826,Paul,Stevens,4,113580,1/26/2023,Paul Stevens
1827,Cameron,Medina,8,92287,10/07/2021,Cameron Medina
1828,Joseph,Davis,1,106168,5/26/2020,Joseph Davis
1829,Melanie,Smith,1,112745,08/09/2022,Melanie Smith
1830,Kelly,Paul,9,77354,12/19/2020,Kelly Paul
1831,Brian,Myers,4,109733,8/29/2021,Brian Myers
1832,Shelby,Swanson,9,118745,08/02/2022,Shelby Swanson
1833,Tony,Collins,1,109202,9/19/2020,Tony Collins
1834,Brenda,Ward,3,60382,1/22/2024,Brenda Ward
1835,Justin,Powell,3,100682,01/06/2024,Justin Powell
1836,Renee,Little,1,94746,9/24/2021,Renee Little
1837,Anne,Moon,3,47650,7/13/2024,Anne Moon
1838,Veronica,Smith,10,59184,8/13/2024,Veronica Smith
1839,Stephanie,Nolan,7,106298,04/08/2024,Stephanie Nolan
1840,Cindy,Thomas,3,48074,2/15/2025,Cindy Thomas
1841,John,Ochoa,2,77396,09/11/2024,John Ochoa
1842,Robert,Jenkins,9,112391,11/06/2023,Robert Jenkins
1843,Thomas,Murray,3,110944,4/20/2023,Thomas Murray
1844,Steven,Madden,8,60708,05/06/2024,Steven Madden
1845,Joanna,Reynolds,6,99311,10/03/2021,Joanna Reynolds
1846,John,Fuentes,5,118104,10/06/2024,John Fuentes
1847,Matthew,Smith,10,117719,6/20/2022,Matthew Smith
1848,Robert,Patel,9,73182,10/07/2024,Robert Patel
1849,Thomas,Brewer,2,113379,7/16/2024,Thomas Brewer
1850,Carl,Livingston,4,74453,7/19/2020,Carl Livingston
1851,Charles,Weaver,7,76962,6/27/2023,Charles Weaver
1852,Nicholas,Cruz,6,78587,8/25/2022,Nicholas Cruz
1853,Matthew,Simon,3,57669,6/16/2020,Matthew Simon
1854,Jason,Gould,1,91647,03/12/2024,Jason Gould
1855,Robin,Terry,7,97083,6/20/2024,Robin Terry
1856,Courtney,Johnson,5,90559,6/30/2023,Courtney Johnson
1857,David,Montes,9,78781,04/06/2023,David Montes
1858,Rachel,Lee,3,115399,8/31/2024,Rachel Lee
1859,Nicholas,Warren,8,53256,07/05/2023,Nicholas Warren
1860,Megan,Miller,7,59477,02/09/2022,Megan Miller
1861,Jeremy,Sanders,5,113412,3/31/2024,Jeremy Sanders
1862,John,Johnson,4,101982,5/31/2023,John Johnson
1863,Jon,Snow,8,100498,7/23/2023,Jon Snow
1864,Michael,Cunningham,8,47289,04/03/2024,Michael Cunningham
1865,Brian,Walter,1,55762,7/15/2021,Brian Walter
1866,Justin,Russell,3,88362,12/22/2021,Justin Russell
1867,Rebecca,Gonzalez,7,115605,12/09/2024,Rebecca Gonzalez
1868,Jeremy,Thompson,5,67460,12/11/2024,Jeremy Thompson
1869,Scott,Gonzalez,10,98459,11/06/2022,Scott Gonzalez
1870,Angela,Rowe,1,62594,11/10/2023,Angela Rowe
1871,Nathan,Brown,9,100842,6/27/2020,Nathan Brown
1872,Antonio,Coleman,2,81556,8/13/2022,Antonio Coleman
1873,Thomas,Garner,8,67121,11/14/2023,Thomas Garner
1874,Joanne,Jones,2,62781,02/11/2021,Joanne Jones
1875,Jill,Ramos,10,66253,5/25/2024,Jill Ramos
1876,Lynn,Reed,5,83805,4/25/2022,Lynn Reed
1877,Derek,Morales,8,115063,12/09/2024,Derek Morales
1878,Terrence,Schultz,9,54584,10/02/2023,Terrence Schultz
1879,Cody,Ellis,1,79405,4/25/2024,Cody Ellis
1880,Emily,Bennett,2,102726,12/22/2022,Emily Bennett
1881,Cynthia,Bryan,1,76526,7/19/2023,Cynthia Bryan
1882,Robert,Graves,9,77047,5/28/2020,Robert Graves
1883,Michelle,Schneider,1,72021,3/28/2024,Michelle Schneider
1884,Michael,Chase,10,65505,3/20/2024,Michael Chase
1885,Henry,Oneill,10,104989,10/15/2022,Henry Oneill
1886,Michael,Gilbert,6,111212,11/07/2022,Michael Gilbert
1887,Anthony,Huerta,5,79811,4/27/2021,Anthony Huerta
1888,Monique,Smith,4,48536,4/15/2023,Monique Smith
1889,David,Farrell,8,68707,08/07/2022,David Farrell
1890,Krista,Cunningham,7,110774,10/04/2022,Krista Cunningham
1891,Nathan,Willis,4,58154,1/23/2022,Nathan Willis
1892,Vicki,Vargas,7,56140,3/23/2024,Vicki Vargas
1893,Tina,Bell,9,62773,9/27/2024,Tina Bell
1894,Joanna,Vazquez,3,105497,3/21/2023,Joanna Vazquez
1895,Carl,Singleton,8,73902,5/15/2021,Carl Singleton
1896,Carol,Jones,10,75985,4/26/2021,Carol Jones
1897,Dana,Pacheco,8,97436,10/25/2020,Dana Pacheco
1898,Erin,Ryan,10,76242,10/10/2021,Erin Ryan
1899,Katelyn,Erickson,2,110678,10/27/2022,Katelyn Erickson
1900,Austin,Larson,9,63496,9/23/2021,Austin Larson
1901,James,James,1,53652,09/10/2020,James James
1902,Michaela,Moore,2,49218,3/25/2024,Michaela Moore
1903,Kimberly,Smith,2,48989,4/19/2024,Kimberly Smith
1904,Samantha,Fowler,8,63053,12/02/2020,Samantha Fowler
1905,Edward,Flores,5,73731,01/10/2024,Edward Flores
1906,Megan,Anderson,2,89381,04/10/2022,Megan Anderson
1907,Deborah,Joseph,1,70026,11/02/2023,Deborah Joseph
1908,Elizabeth,Morris,7,89590,12/17/2023,Elizabeth Morris
1909,Michelle,Diaz,3,67070,07/12/2023,Michelle Diaz
1910,Morgan,Gutierrez,10,77136,07/02/2024,Morgan Gutierrez
1911,Sandra,Romero,7,78214,3/23/2025,Sandra Romero
1912,Jason,Jackson,1,113292,5/25/2021,Jason Jackson
1913,Daniel,Howe,3,94396,8/19/2022,Daniel Howe
1914,Anthony,Gomez,10,49597,12/08/2020,Anthony Gomez
1915,Nathan,Rollins,3,89053,12/01/2022,Nathan Rollins
1916,David,Brennan,1,63528,01/02/2024,David Brennan
1917,Nicole,Castro,9,52043,09/05/2021,Nicole Castro
1918,Miranda,Robbins,5,102360,3/18/2021,Miranda Robbins
1919,Stephanie,Johnson,9,117995,10/22/2022,Stephanie Johnson
1920,Karen,Rivera,4,78170,6/27/2021,Karen Rivera
1921,Tyler,Blanchard,7,49990,09/11/2023,Tyler Blanchard
1922,Adam,Buchanan,8,98680,10/17/2024,Adam Buchanan
1923,Christine,Cervantes,8,109651,7/14/2023,Christine Cervantes
1924,Jose,Cook,4,112660,04/12/2025,Jose Cook
1925,Todd,Stewart,9,76158,1/30/2023,Todd Stewart
1926,Jamie,Bennett,7,52323,04/08/2024,Jamie Bennett
1927,Suzanne,Riddle,2,59813,05/10/2022,Suzanne Riddle
1928,Danielle,Martinez,4,110664,10/19/2022,Danielle Martinez
1929,Angel,Lewis,7,119546,04/09/2023,Angel Lewis
1930,Daniel,Walker,5,103950,7/30/2021,Daniel Walker
1931,Leon,Gonzalez,9,71651,10/27/2021,Leon Gonzalez
1932,Billy,Fields,4,54859,10/05/2022,Billy Fields
1933,Wayne,Brown,7,45215,09/06/2023,Wayne Brown
1934,Shannon,Chambers,7,72631,10/11/2021,Shannon Chambers
1935,Kenneth,Castro,6,99980,7/16/2024,Kenneth Castro
1936,Mark,Schwartz,4,62311,11/21/2024,Mark Schwartz
1937,Monica,Olson,2,85797,9/25/2022,Monica Olson
1938,Katherine,Frazier,9,80135,07/03/2024,Katherine Frazier
1939,Joshua,Kaufman,2,77073,01/08/2024,Joshua Kaufman
1940,Stacey,Clark,4,77587,9/19/2020,Stacey Clark
1941,Yesenia,Vasquez,3,68587,9/19/2020,Yesenia Vasquez
1942,David,Guzman,1,86152,5/18/2021,David Guzman
1943,Matthew,Brown,10,81558,11/22/2024,Matthew Brown
1944,Barry,Evans,5,110563,10/07/2024,Barry Evans
1945,Samuel,Fernandez,8,107741,9/24/2022,Samuel Fernandez
1946,Richard,White,2,99917,3/13/2021,Richard White
1947,Kara,Gomez,3,62849,12/03/2020,Kara Gomez
1948,Kelly,Wong,2,67548,10/28/2024,Kelly Wong
1949,Janet,Williams,6,102688,1/13/2024,Janet Williams
1950,Elizabeth,Gomez,5,58870,11/15/2023,Elizabeth Gomez
1951,Cristian,Bennett,3,64458,3/13/2024,Cristian Bennett
1952,Willie,Vang,5,75909,01/04/2022,Willie Vang
1953,Troy,Meyer,4,75321,7/25/2022,Troy Meyer
1954,James,Evans,7,109722,5/18/2023,James Evans
1955,Donald,Boyle,5,108246,09/08/2021,Donald Boyle
1956,Jennifer,Sims,5,63783,10/05/2022,Jennifer Sims
1957,Stephanie,Moore,7,72399,11/22/2022,Stephanie Moore
1958,Gerald,Carter,5,92013,7/18/2024,Gerald Carter
1959,Charles,Smith,9,50170,11/04/2022,Charles Smith
1960,Christopher,Martinez,10,83039,10/20/2022,Christopher Martinez
1961,Andrew,Jackson,6,93245,7/20/2021,Andrew Jackson
1962,Leon,Bush,7,82616,09/03/2024,Leon Bush
1963,Derrick,Williams,7,99859,12/19/2023,Derrick Williams
1964,Christopher,Abbott,10,66842,10/10/2024,Christopher Abbott
1965,Sherry,Alvarez,6,47830,10/10/2023,Sherry Alvarez
1966,Crystal,Huffman,8,116607,07/05/2022,Crystal Huffman
1967,Scott,Martin,8,64898,11/06/2023,Scott Martin
1968,Michael,Pierce,3,112380,08/12/2020,Michael Pierce
1969,Mary,Burke,10,97663,7/18/2020,Mary Burke
1970,David,Irwin,3,50157,05/06/2022,David Irwin
1971,Hannah,Adams,3,75668,01/04/2021,Hannah Adams
1972,Shelby,Pennington,2,53275,5/22/2020,Shelby Pennington
1973,Miranda,Anderson,9,79692,06/01/2020,Miranda Anderson
1974,Nicole,Mcneil,6,93476,8/21/2022,Nicole Mcneil
1975,Katie,Weaver,8,87718,11/01/2022,Katie Weaver
1976,Brandon,Lopez,2,89294,12/04/2021,Brandon Lopez
1977,Michael,Murray,8,70964,3/19/2022,Michael Murray
1978,Anna,Taylor,9,56842,2/26/2025,Anna Taylor
1979,Nancy,Klein,4,64765,2/25/2023,Nancy Klein
1980,Amanda,Watkins,4,78330,11/19/2022,Amanda Watkins
1981,Joseph,Little,4,85912,7/28/2023,Joseph Little
1982,Melinda,Williams,2,83696,1/22/2023,Melinda Williams
1983,Danielle,Nguyen,3,55519,12/21/2021,Danielle Nguyen
1984,Denise,Padilla,8,72475,3/23/2025,Denise Padilla
1985,Marissa,Pierce,10,91340,08/03/2022,Marissa Pierce
1986,Luke,Monroe,1,72392,04/06/2023,Luke Monroe
1987,Pamela,Allen,6,54939,8/24/2022,Pamela Allen
1988,Andrea,Mcdonald,2,50234,5/28/2020,Andrea Mcdonald
1989,Raymond,Miller,6,109058,3/15/2022,Raymond Miller
1990,Michael,Cruz,8,115649,01/12/2023,Michael Cruz
1991,Ashlee,Dominguez,5,90733,01/03/2024,Ashlee Dominguez
1992,Michael,Benson,4,106340,6/22/2020,Michael Benson
1993,Patricia,Summers,3,61513,08/05/2022,Patricia Summers
1994,Amy,Montgomery,7,90702,10/27/2020,Amy Montgomery
1995,Jennifer,Bernard,6,94362,2/27/2022,Jennifer Bernard
1996,Ashley,Joseph,8,89841,11/26/2024,Ashley Joseph
1997,Rebecca,Moreno,9,117667,3/17/2024,Rebecca Moreno
1998,Christopher,Cummings,10,104524,5/28/2020,Christopher Cummings
1999,Robert,Hancock,6,79261,3/29/2025,Robert Hancock
2000,Richard,Dalton,7,108184,03/05/2024,Richard Dalton
2001,Sarah,Underwood,7,64610,3/14/2021,Sarah Underwood
2002,Samantha,Hall,10,96577,09/08/2024,Samantha Hall
2003,Anne,Leonard,2,107631,1/31/2022,Anne Leonard
2004,Nicholas,Berry,1,117584,2/28/2022,Nicholas Berry
2005,James,Williams,2,99770,6/27/2022,James Williams
2006,Jennifer,Garza,2,61074,3/24/2023,Jennifer Garza
2007,Steven,Henderson,8,93483,1/22/2023,Steven Henderson
2008,Frank,Perez,4,92016,06/08/2020,Frank Perez
2009,William,Guerrero,3,113167,7/24/2023,William Guerrero
2010,Jennifer,Cantu,6,111197,06/01/2020,Jennifer Cantu
2011,Vanessa,Vasquez,8,86828,04/01/2021,Vanessa Vasquez
2012,Robert,Martin,10,82801,08/04/2023,Robert Martin
2013,Megan,Cross,2,73316,04/03/2021,Megan Cross
2014,April,Stone,1,72921,09/10/2021,April Stone
2015,Rebecca,Crawford,8,116044,10/19/2021,Rebecca Crawford
2016,Sean,Fleming,1,81592,4/22/2024,Sean Fleming
2017,Joshua,Williams,8,76373,12/23/2023,Joshua Williams
2018,Rachel,Bennett,8,73348,11/24/2022,Rachel Bennett
2019,Emily,Miles,8,73913,1/20/2021,Emily Miles
2020,Ryan,Matthews,4,71605,04/06/2022,Ryan Matthews
2021,Michael,Roman,3,111132,7/14/2020,Michael Roman
2022,Mary,Petersen,1,99485,10/21/2020,Mary Petersen
2023,Sonia,Prince,2,113318,11/08/2020,Sonia Prince
2024,Kimberly,Miller,10,86322,6/16/2023,Kimberly Miller
2025,Jennifer,Yu,8,45506,05/01/2021,Jennifer Yu
2026,Michelle,Perkins,5,77540,01/11/2025,Michelle Perkins
2027,Paul,Phillips,3,86170,11/17/2022,Paul Phillips
2028,Victoria,Davis,2,64930,12/17/2021,Victoria Davis
2029,Patrick,Burke,10,70149,9/29/2023,Patrick Burke
2030,James,Roman,5,72489,12/25/2023,James Roman
2031,Jonathan,May,10,73354,11/05/2023,Jonathan May
2032,Jason,Johnson,10,106806,02/08/2022,Jason Johnson
2033,Rebecca,Zimmerman,10,82740,12/28/2022,Rebecca Zimmerman
2034,Robert,Mcdonald,2,114311,2/15/2024,Robert Mcdonald
2035,Jennifer,Romero,10,71321,8/20/2020,Jennifer Romero
2036,Richard,Smith,1,85949,10/29/2021,Richard Smith
2037,Eddie,Reyes,7,83672,12/26/2021,Eddie Reyes
2038,Valerie,Stephens,1,53686,7/24/2023,Valerie Stephens
2039,Angela,Phillips,2,96133,03/04/2022,Angela Phillips
2040,John,Gray,7,82787,5/20/2021,John Gray
2041,Michael,Green,6,107590,8/23/2023,Michael Green
2042,Kim,Gutierrez,7,81060,3/13/2023,Kim Gutierrez
2043,Renee,Jones,8,52893,5/23/2024,Renee Jones
2044,Dawn,Marquez,6,63303,3/15/2021,Dawn Marquez
2045,Jennifer,Allen,1,64366,6/14/2024,Jennifer Allen
2046,Scott,Perry,10,93459,7/20/2021,Scott Perry
2047,Mark,Long,2,58099,9/19/2021,Mark Long
2048,Theodore,Gillespie,4,104689,02/03/2021,Theodore Gillespie
2049,Lisa,Gonzalez,10,49917,03/07/2024,Lisa Gonzalez
2050,Brandi,Chavez,1,116999,6/26/2024,Brandi Chavez
2051,Courtney,Flores,2,99357,03/02/2022,Courtney Flores
2052,Michael,Haynes,1,102654,3/26/2022,Michael Haynes
2053,Allison,Acosta,1,46624,6/27/2020,Allison Acosta
2054,Jacob,Flores,10,77142,7/30/2024,Jacob Flores
2055,Grant,Lopez,4,89019,6/23/2021,Grant Lopez
2056,Ashley,Fowler,10,107689,3/25/2024,Ashley Fowler
2057,Melissa,Reed,7,69157,1/29/2025,Melissa Reed
2058,Jason,Kim,9,108562,11/02/2020,Jason Kim
2059,Nancy,Marquez,5,70294,11/22/2020,Nancy Marquez
2060,Katrina,James,6,86457,04/11/2025,Katrina James
2061,Rebecca,Munoz,10,50625,11/30/2022,Rebecca Munoz
2062,Michael,Keller,3,102601,12/14/2022,Michael Keller
2063,William,Frank,4,57259,5/18/2024,William Frank
2064,Joshua,Collins,3,79843,9/20/2023,Joshua Collins
2065,Steve,Day,5,82729,7/23/2023,Steve Day
2066,Stacey,King,2,90825,07/11/2024,Stacey King
2067,Amanda,Howard,5,64836,09/03/2023,Amanda Howard
2068,Katherine,Nelson,2,51875,04/01/2025,Katherine Nelson
2069,Andrew,Smith,6,64135,1/31/2021,Andrew Smith
2070,Kevin,Flores,6,66793,11/07/2023,Kevin Flores
2071,David,Dunlap,8,71758,08/05/2023,David Dunlap
2072,Jose,Valencia,5,107663,09/07/2023,Jose Valencia
2073,Peter,Martin,10,91190,5/15/2020,Peter Martin
2074,Alejandra,Valenzuela,9,64326,01/02/2021,Alejandra Valenzuela
2075,David,Marks,10,92284,09/11/2022,David Marks
2076,Gary,Higgins,6,88926,11/12/2022,Gary Higgins
2077,Raven,Miller,9,52025,11/04/2020,Raven Miller
2078,Jacob,Warner,4,108996,12/17/2022,Jacob Warner
2079,Beth,Martin,3,53547,8/17/2020,Beth Martin
2080,Micheal,Aguirre,1,51615,06/03/2022,Micheal Aguirre
2081,Joshua,Hicks,10,75979,01/08/2023,Joshua Hicks
2082,Charles,Nelson,3,96061,7/21/2022,Charles Nelson
2083,John,Mckay,4,108351,9/19/2022,John Mckay
2084,Richard,Shelton,1,86024,7/30/2023,Richard Shelton
2085,Benjamin,Crawford,1,62017,5/20/2021,Benjamin Crawford
2086,Matthew,Jones,9,114782,4/21/2022,Matthew Jones
2087,Terri,Phillips,5,47865,05/01/2021,Terri Phillips
2088,Megan,Kennedy,1,63044,09/01/2022,Megan Kennedy
2089,Aaron,Williams,4,74288,01/04/2022,Aaron Williams
2090,Kenneth,Liu,5,57151,9/13/2022,Kenneth Liu
2091,Victor,Bell,5,100558,11/18/2020,Victor Bell
2092,Laurie,Miller,4,45689,11/14/2023,Laurie Miller
2093,Daniel,Johnson,5,59166,08/02/2024,Daniel Johnson
2094,Anthony,Mccoy,1,76274,6/16/2022,Anthony Mccoy
2095,Jennifer,Reyes,5,50744,6/28/2022,Jennifer Reyes
2096,Luke,Tyler,2,100889,09/02/2021,Luke Tyler
2097,Matthew,Smith,5,79785,07/06/2022,Matthew Smith
2098,Stephen,Alvarez,4,82745,4/16/2022,Stephen Alvarez
2099,Kristin,Atkins,6,96019,01/02/2024,Kristin Atkins
2100,Joseph,Nolan,6,82899,03/10/2023,Joseph Nolan
